college_name,department_name,first_step_one_subject,first_step_one_point,first_step_one_ratio,first_step_two_subject,first_step_two_point,first_step_two_ratio,first_step_three_subject,first_step_three_point,first_step_three_ratio,first_step_four_subject,first_step_four_point,first_step_four_ratio,first_step_five_subject,first_step_five_point,first_step_five_ratio,second_step_one_ratio,second_step_two_ratio,second_step_three_ratio,second_step_four_ratio,second_step_five_ratio,second_step_all_ratio,second_step_one_subject,second_step_one_point,second_step_one_all_ratio,second_step_two_subject,second_step_two_point,second_step_two_all_ratio,second_step_three_subject,second_step_three_point, second_step_three_all_ratio,second_step_four_subject,second_step_four_point,second_step_four_all_ratio,second_step_five_subject,second_step_five_point,second_step_five_all_ratio,final_order,thing,order_select
中原大學,中原大學美國威大密爾瓦基分校電機與資訊工程雙學士學位學程,國文,--,--,英文,均標,3,數學A,均標,3,自然,--,--,,,,*1.00,*1.00,*1.00,*1.00,,40%,審查資料,--,40%,面試,--,20%,,,,,,,,,,一、面試二、學測英文級分三、審查資料四、學測數學A級分,項目：修課紀錄(A)、課程學習成果(B、C、D)、多元表現(F、G、K、L、N)、學習歷程自述(O、P、Q)、其他(R.國際交流經驗) ,一、學測國文、英文、數學A、自然之級分總和　二、學測數學A級分　三、學測英文級分
中華大學,中華大學美國舊金山州立大學資訊管理與決策科學學士學位學程,英文,底標,12.5,,,,,,,,,,,,,--,,,,,0%,審查資料,--,0%,面試,--,55%,,,,,,,,,,一、面試二、審查資料,項目：修課紀錄(A)、課程學習成果(B、C、E)、多元表現(H、J、L、M、N)、學習歷程自述(P、Q)、其他(R.其他有利於審查之資料) ,一、學測英文級分
長庚大學,人工智慧學士學位學程,英文,--,--,數學A,均標,5,自然,--,6,英數A自,--,8,,,,*1.00,*2.00,*1.50,--,,50%,審查資料,--,50%,面試,--,25%,,,,,,,,,,一、面試二、學測數學A級分三、學測自然級分四、學測英文級分,項目：修課紀錄(A)、課程學習成果(B、C、D)、多元表現(F、J、K、M、N)、學習歷程自述(O、P、Q) ,一、學測英文、數學A、自然之級分總和
淡江大學,人工智慧學系,英文,--,4,數學A,均標,--,數學B,均標,--,自然,--,4,國英自,--,3,*1.00,--,--,*1.00,--,40%,審查資料,--,40%,團體面試,--,30%,,,,,,,,,,一、學科能力測驗成績二、審查資料三、團體面試四、學測自然級分,項目：修課紀錄(A)、課程學習成果(B、C、D)、多元表現(F、G、I、J、N)、學習歷程自述(O、P、Q)、其他(R.自傳) ,一、學測國文、英文、自然之級分總和　二、學測自然級分
中信金融管理學院,人工智慧學系,國文,--,3,數學A,均標,--,數學B,均標,--,,,,,,,*1.00,--,--,,,50%,審查資料,50分,50%,,,,,,,,,,,,,一、學測國文級分二、審查資料,項目：修課紀錄(A)、多元表現(G、H、J、M、N)、學習歷程自述(P、Q) ,一、學測國文之級分總和
逢甲大學,人工智慧技術與應用學士學位學程,國文,--,--,英文,後標,--,數學A,後標,3,國英數A,--,5,,,,*1.00,*1.00,*1.50,--,,40%,審查資料,--,40%,面試,--,35%,,,,,,,,,,一、學科能力測驗成績二、學測數學A級分三、學測英文級分四、學測國文級分,項目：修課紀錄(A)、課程學習成果(B、C、D)、多元表現(F、J、L、M、N)、學習歷程自述(O、P、Q)、其他(R.其他有利審查資料) ,一、學測國文、英文、數學A之級分總和
輔仁大學,人工智慧與資訊安全學士學位學程,國文,--,--,英文,--,--,數學A,均標,--,國英數A,--,3,,,,*1.00,*1.00,*1.00,--,,50%,審查資料,--,50%,面試,--,25%,,,,,,,,,,一、學測國英數A級分總和二、審查資料三、學測數學A級分四、學測英文級分,項目：修課紀錄(A)、課程學習成果(B、C)、多元表現(F、N) ,一、學測國文、英文、數學A之級分總和
國立臺灣師範大學,光電工程學士學位學程,國文,均標,--,英文,前標,8,數學A,前標,8,自然,前標,5,,,,*1.00,*1.00,*1.50,*1.50,,50%,審查資料,--,50%,口試,--,30%,,,,,,,,,,一、學測國英數A自級分總和二、學測自然級分三、學測數學A級分四、學測英文級分,項目：修課紀錄(A)、課程學習成果(B、C、D)、多元表現(F、J、K、M、N)、學習歷程自述(O、P、Q) ,一、學測國文、英文、數學A、自然之級分總和　二、學測自然級分　三、學測數學A級分　四、學測英文級分
國立陽明交通大學,光電工程學系,英文,前標,3.0,數學A,前標,5.0,自然,前標,5.0,,,,,,,*1.00,*2.00,*2.00,,,20%,審查資料,--,20%,口試,--,45%,,,,,,,,,,一、口試二、審查資料三、學測自然級分四、學測數學A級分,項目：修課紀錄(A)、課程學習成果(B、D、E)、多元表現(F、G、I、M、N)、學習歷程自述(O、P、Q)、其他(R.其他有助審查的資料) ,一、學測英文、數學A、自然之級分總和
國立中山大學,光電工程學系,國文,均標,--,英文,均標,--,數學A,前標,3,自然,前標,4,,,,--,*1.00,*2.00,*2.00,,50%,審查資料,--,50%,面試,--,25%,,,,,,,,,,一、面試二、審查資料三、學測數學A級分四、學測自然級分,項目：修課紀錄(A)、課程學習成果(B、C、D)、多元表現(F、J、M、N)、學習歷程自述(O、P、Q) ,一、學測國文、英文、數學A、自然之級分總和　二、學測數學A級分　三、學測自然級分　四、學測英文級分
國立東華大學,光電工程學系,英文,--,--,數學A,--,--,自然,均標,3,國英數A自,--,4,,,,*1.00,*1.00,*1.50,--,,50%,審查資料,--,50%,認識本系與心得報告,--,10%,,,,,,,,,,一、學測國英數A自級分總和二、學測自然級分三、學測數學A級分四、審查資料,項目：修課紀錄(A)、課程學習成果(B、C、D)、多元表現(G、J、K、N)、學習歷程自述(O、P、Q) ,一、學測國文、英文、數學A、自然之級分總和　二、學測自然級分　三、學測數學A級分　四、學測英文級分
國立聯合大學,光電工程學系,國文,--,--,英文,--,--,數學A,後標,5,自然,後標,3,,,,*1.50,*1.00,*2.00,*2.00,,40%,審查資料,--,40%,面試,--,30%,,,,,,,,,,一、審查資料二、指定項目甄試成績三、學科能力測驗成績四、學測自然級分,項目：修課紀錄(A)、多元表現(F、N)、學習歷程自述(P)、其他(R.其他有利審查資料) ,一、學測國文、英文、數學A、自然之級分總和
國立成功大學,光電科學與工程學系,國文,均標,--,英文,均標,--,數學A,前標,3,自然,前標,3,國英數A自,--,8,*1.00,*1.00,*1.50,*1.50,--,50%,審查資料,--,50%,面試及認識本系,--,15%,,,,,,,,,,一、學測自然級分二、學測數學A級分三、學科能力測驗成績四、審查資料,項目：修課紀錄(A)、課程學習成果(B、D)、多元表現(F、G、M、N)、學習歷程自述(O、P、Q)、其他(R.自傳) ,一、學測國文、英文、數學A、自然之級分總和　二、學測自然級分
逢甲大學,光電科學與工程學系,國文,--,--,英文,--,--,數學A,後標,--,自然,--,--,國英數A自,--,3,*1.00,*1.00,*1.00,*1.00,--,40%,審查資料,--,40%,面試,--,30%,,,,,,,,,,一、面試二、審查資料三、學測國英數A自級分總和四、學測自然級分,項目：修課紀錄(A)、課程學習成果(B)、多元表現(F、I、K、M、N)、學習歷程自述(O、P、Q)、其他(R.其他有利審查資料) ,一、學測國文、英文、數學A、自然之級分總和
國立中央大學,光電科學與工程學系,國文,均標,10.0,英文,均標,10.0,數學A,均標,3.0,自然,均標,5.0,,,,*1.00,*1.50,*1.50,*1.50,,30%,審查資料,--,30%,面試,--,35%,,,,,,,,,,一、面試二、學測數學A級分三、學測自然級分,項目：修課紀錄(A)、課程學習成果(B、C、D)、多元表現(F、J、K、M、N)、學習歷程自述(O、P、Q) ,一、學測國文、英文、數學A、自然之級分總和
中華大學,光電與材料工程學系（人工智慧應用組）,社會,底標,4.5,,,,,,,,,,,,,--,,,,,0%,審查資料,--,0%,面試,--,55%,,,,,,,,,,一、面試二、審查資料,項目：修課紀錄(A)、課程學習成果(B、C、D、E)、多元表現(F、H、J、K、N)、學習歷程自述(O、P、Q) ,一、學測社會級分
中華大學,光電與材料工程學系（材料應用組）,自然,底標,3.5,,,,,,,,,,,,,--,,,,,0%,審查資料,--,0%,面試,--,55%,,,,,,,,,,一、面試二、審查資料,項目：修課紀錄(A)、課程學習成果(B、C、D、E)、多元表現(F、H、J、K、N)、學習歷程自述(O、P、Q) ,一、學測自然級分
中華大學,光電與材料工程學系（生醫光電組）,國文,--,10.0,自然,底標,3.5,,,,,,,,,,--,--,,,,0%,審查資料,--,0%,面試,--,55%,,,,,,,,,,一、面試二、審查資料,項目：修課紀錄(A)、課程學習成果(B、C、D、E)、多元表現(F、H、J、K、N)、學習歷程自述(O、P、Q) ,一、學測國文、自然之級分總和
國立臺灣海洋大學,光電與材料科技學系,國文,--,--,英文,均標,6,數學A,均標,3,自然,均標,4,,,,*1.00,*1.00,*1.00,*1.00,,50%,審查資料,--,50%,面試,--,30%,,,,,,,,,,一、學測國英數A自級分總和二、學測自然級分三、學測數學A級分四、學測英文級分,項目：修課紀錄(A)、課程學習成果(B、D)、多元表現(G、N)、學習歷程自述(O、P、Q)、其他(R.其他有利審查資料) ,一、學測國文、英文、數學A、自然之級分總和
銘傳大學,動漫文創設計學士學位學程（桃園校區）,國文,後標,--,英文,後標,--,社會,後標,3,國英社,--,5,,,,*1.00,*1.00,*1.00,--,,40%,審查資料,--,40%,面試,70分,30%,,,,,,,,,,一、面試二、學測國英社級分總和三、學測國文級分四、審查資料,項目：修課紀錄(A)、課程學習成果(B、C)、多元表現(F、G、J、M、N)、學習歷程自述(P、Q) ,一、學測國文、英文、社會之級分總和　二、學測社會級分
國立屏東大學,商業自動化與管理學系,國文,--,--,英文,後標,--,數學B,--,5,社會,--,--,國英數B社,--,10,*1.25,*2.00,*1.50,*1.00,--,50%,審查資料,--,50%,,,,,,,,,,,,,一、指定項目甄試成績二、學測英文級分三、學測數學B級分四、學測國文級分,項目：修課紀錄(A)、課程學習成果(B、C)、多元表現(F、G、J、L、N)、學習歷程自述(O、P、Q) ,一、學測國文、英文、數學B、社會之級分總和　二、學測英文級分　三、學測數學B級分　四、學測國文級分
國立臺灣大學,圖書資訊學系,國文,前標,5,英文,前標,3,數學A,均標,--,數學B,均標,--,社會,均標,--,*1.50,*1.50,--,--,*1.00,40%,審查資料,--,40%,口試,--,30%,,,,,,,,,,一、學測英文級分二、學測國英社級分總和三、指定項目甄試成績,項目：修課紀錄(A)、課程學習成果(B、C、E)、多元表現(F、I、L、M、N)、學習歷程自述(O、P、Q)、其他(R.本系個人資料表、S.選繳其他有利審查資料、T.選繳彌封之師長推薦函) ,一、學測國文、英文、社會之級分總和　二、學測國文級分　三、學測社會級分
輔仁大學,圖書資訊學系,國文,--,--,英文,--,--,數學A,底標,--,數學B,底標,--,國英,--,3,*1.00,*1.00,--,--,--,30%,審查資料,--,30%,面試,--,40%,,,,,,,,,,一、面試二、審查資料三、學測國英級分總和四、學測英文級分,項目：修課紀錄(A)、課程學習成果(B、C)、多元表現(F、G、H、I、N)、學習歷程自述(O、P、Q)、其他(R.書審資料檢核表) ,一、學測國文、英文之級分總和
大葉大學,多媒體數位內容學士學位學程(動漫美術與模型製作組),國社,--,8.0,,,,,,,,,,,,,--,,,,,0%,審查資料,--,0%,面試,60分,80%,,,,,,,,,,--,項目：修課紀錄(A)、課程學習成果(B)、多元表現(F、N)、學習歷程自述(P)、其他(R.其他有利審查資料) ,一、學測國文、社會之級分總和　二、學測國文級分　三、學測社會級分
大葉大學,多媒體數位內容學士學位學程(動畫與影視特效組),國文,--,5.0,,,,,,,,,,,,,--,,,,,0%,審查資料,--,0%,面試,60分,80%,,,,,,,,,,--,項目：修課紀錄(A)、課程學習成果(B)、多元表現(F、N)、學習歷程自述(P)、其他(R.其他有利審查資料) ,一、學測國文級分
大葉大學,多媒體數位內容學士學位學程(遊戲與互動設計組),社會,--,6.0,,,,,,,,,,,,,--,,,,,0%,審查資料,--,0%,面試,60分,80%,,,,,,,,,,--,項目：修課紀錄(A)、課程學習成果(B)、多元表現(F、N)、學習歷程自述(P)、其他(R.其他有利審查資料) ,一、學測社會級分
國立陽明交通大學,奈米科學及工程學士學位學程乙組(主修奈米),英文,前標,10.0,數學A,頂標,3.0,自然,頂標,10.0,,,,,,,*1.00,*1.00,*1.00,,,50%,審查資料,--,50%,認識本系及綜合筆試,--,5%,,,,,,,,,,一、學測數學A級分二、學測自然級分三、學測英文級分,項目：修課紀錄(A)、課程學習成果(B、D)、多元表現(F、G、H、M、N)、學習歷程自述(P)、其他(R.其他有利審查資料) ,一、學測英文、數學A、自然之級分總和
國立陽明交通大學,奈米科學及工程學士學位學程甲組(主修半導體),英文,前標,12.0,數學A,前標,10.0,自然,前標,12.0,英數A自,--,3.0,,,,*1.00,*1.00,*1.00,--,,50%,審查資料,--,50%,團體面談(含筆試),--,5%,,,,,,,,,,一、學測數學A級分二、學測自然級分三、學測英文級分,項目：修課紀錄(A)、課程學習成果(B、D)、多元表現(F、G、H、M、N)、學習歷程自述(P)、其他(R.其他有利審查資料) ,一、學測英文、數學A、自然之級分總和
實踐大學,媒體傳達設計學系創意媒體設計組(臺北校區),國文,底標,3.0,英文,後標,5.0,國英數B,--,7.0,,,,,,,--,--,--,,,0%,審查資料,--,0%,創意設計,70分,25%,作品集面試,--,30%,,,,,,,一、作品集面試二、創意設計三、學測英文級分四、學測國文級分,項目：多元表現(F、K、N)、學習歷程自述(P、Q) ,一、學測國文、英文、數學B之級分總和　二、學測英文級分
實踐大學,媒體傳達設計學系數位3D動畫設計組(臺北校區),國文,底標,3.0,英文,後標,5.0,國英數B,--,7.0,,,,,,,--,--,--,,,0%,審查資料,--,0%,創意設計,70分,25%,作品集面試,--,30%,,,,,,,一、作品集面試二、創意設計三、學測英文級分四、學測國文級分,項目：多元表現(F、K、N)、學習歷程自述(P、Q) ,一、學測國文、英文、數學B之級分總和　二、學測英文級分
大同大學,媒體設計學系互動媒體設計組,國文,--,5.0,英文,後標,4.0,國英,--,3.0,,,,,,,*1.00,*1.00,--,,,40%,審查資料,--,40%,面試,--,30%,,,,,,,,,,一、面試二、學科能力測驗成績三、學測英文級分四、審查資料,項目：修課紀錄(A)、課程學習成果(B、C)、多元表現(F、G、N)、學習歷程自述(O、P) ,一、學測國文、英文之級分總和　二、學測英文級分　三、學測國文級分
大同大學,媒體設計學系數位遊戲設計組,國文,--,--,英文,--,5,數學B,後標,4,國英數B,--,3,,,,*1.00,*1.00,*1.00,--,,40%,審查資料,--,40%,面試,--,30%,,,,,,,,,,一、面試二、學科能力測驗成績三、學測數學B級分四、審查資料,項目：修課紀錄(A)、課程學習成果(B、C)、多元表現(F、G、N)、學習歷程自述(O、P) ,一、學測國文、英文、數學B之級分總和　二、學測數學B級分　三、學測英文級分
臺北市立大學,學習與媒材設計學系,國文,均標,6,英文,均標,8,數學B,--,10,社會,均標,--,國英數B社,--,3,*2.00,*2.00,*1.00,*2.00,--,50%,審查資料,--,50%,面試,60分,30%,,,,,,,,,,一、學科能力測驗成績二、學測國文級分三、學測英文級分四、學測數學B級分,項目：修課紀錄(A)、課程學習成果(B、C、E)、多元表現(F、G、I、N)、學習歷程自述(P、Q)、其他(R.自傳：成長歷程﹑興趣) ,一、學測國文、英文、數學B、社會之級分總和　二、學測國文級分　三、學測英文級分　四、學測數學B級分
國立東華大學,應用數學系統計科學組,國文,--,--,英文,--,--,數學A,均標,3,,,,,,,*1.00,*1.00,*1.50,,,30%,審查資料,--,30%,面試,--,40%,,,,,,,,,,一、面試二、學測數學A級分三、學測英文級分四、審查資料,項目：修課紀錄(A)、課程學習成果(B、C、D)、多元表現(F、G、J、M、N)、學習歷程自述(O、P、Q) ,一、學測國文、英文、數學A之級分總和　二、學測數學A級分　三、學測英文級分
華梵大學,攝影與VR設計學系VR與互動媒體組,國文,底標,3.0,,,,,,,,,,,,,*1.00,,,,,30%,審查資料,--,30%,面談,--,40%,,,,,,,,,,一、面談,項目：修課紀錄(A)、課程學習成果(B、C)、多元表現(F、G、K、N)、學習歷程自述(O、P、Q) ,一、學測國文級分
華梵大學,攝影與VR設計學系攝影與科技藝術組,國文,底標,3.0,,,,,,,,,,,,,*1.00,,,,,30%,審查資料,--,30%,面談,--,40%,,,,,,,,,,一、面談,項目：修課紀錄(A)、課程學習成果(B、C)、多元表現(F、G、K、N)、學習歷程自述(O、P、Q) ,一、學測國文級分
華梵大學,攝影與VR設計學系攝影與科技藝術組(青年儲蓄帳戶組),國文,底標,--,,,,,,,,,,,,,--,,,,,0%,審查資料,--,0%,面談,--,40%,,,,,,,,,,一、面談二、審查資料,項目：修課紀錄(A)、課程學習成果(B、C)、多元表現(F、G、K、N)、學習歷程自述(O、P、Q)、其他(R.體驗資歷（體驗學習報告及雙週誌）) ,(無)
淡江大學,教育科技學系,國文,後標,3,英文,後標,--,社會,--,3,,,,,,,*1.00,*1.00,*1.00,,,30%,審查資料,--,30%,面試,--,40%,,,,,,,,,,一、面試二、審查資料三、學科能力測驗成績四、學測國文級分,項目：修課紀錄(A)、課程學習成果(C)、多元表現(G、H、J、N)、學習歷程自述(O、P、Q) ,一、學測國文、英文、社會之級分總和
國立臺中教育大學,數位內容科技學系,國文,均標,--,英文,均標,--,數學B,均標,--,自然,均標,--,國英數B自,--,3,*1.10,*1.10,*1.20,*1.10,--,50%,審查資料,--,50%,面試,--,30%,,,,,,,,,,一、面試二、學科能力測驗成績三、審查資料四、學測數學B級分,項目：修課紀錄(A)、課程學習成果(B、C)、多元表現(K、M、N)、學習歷程自述(O、P、Q) ,一、學測國文、英文、數學B、自然之級分總和
義守大學,數位多媒體設計學系,國文,後標,3,英文,--,5,社會,--,--,,,,,,,*2.00,*1.25,*1.75,,,20%,審查資料,--,20%,面試,--,45%,,,,,,,,,,一、面試二、學測國文級分三、學測社會級分四、學測英文級分,項目：修課紀錄(A)、課程學習成果(B、C)、多元表現(F、N)、學習歷程自述(O、P) ,一、學測國文、英文、社會之級分總和　二、學測國文級分　三、學測社會級分　四、學測英文級分
世新大學,數位多媒體設計學系動畫設計組,國文,後標,--,英文,後標,3,,,,,,,,,,*1.00,*1.00,,,,10%,審查資料,--,10%,面試,--,50%,,,,,,,,,,一、面試二、審查資料三、學測英文級分四、學測國文級分,項目：修課紀錄(A)、課程學習成果(B、C)、多元表現(F、N)、學習歷程自述(P、Q)、其他(R.其他有利審查資料) ,一、學測國文、英文之級分總和
世新大學,數位多媒體設計學系遊戲設計組,國文,後標,--,英文,後標,3,,,,,,,,,,*1.00,*1.00,,,,10%,審查資料,--,10%,面試,--,50%,,,,,,,,,,一、面試二、審查資料三、學測英文級分四、學測國文級分,項目：修課紀錄(A)、課程學習成果(B、C)、多元表現(F、N)、學習歷程自述(P、Q)、其他(R.其他有利審查資料) ,一、學測國文、英文之級分總和
國立臺東大學,數位媒體與文教產業學系,國文,後標,3,英文,--,--,,,,,,,,,,*2.00,*1.20,,,,20%,審查資料,--,20%,面試,--,45%,,,,,,,,,,一、面試二、審查資料三、學科能力測驗成績四、學測國文級分,項目：修課紀錄(A)、課程學習成果(B、C)、多元表現(F、G、K、M、N)、學習歷程自述(O、P) ,一、學測國文、英文之級分總和　二、學測國文級分
亞洲大學,數位媒體設計學系,國文,底標,3.0,英文,底標,3.0,,,,,,,,,,*1.00,*1.00,,,,20%,審查資料,--,20%,面試,--,45%,,,,,,,,,,一、面試二、審查資料三、學測英文級分四、學測國文級分,項目：修課紀錄(A)、課程學習成果(B、C、E)、多元表現(F、G、J、M、N)、學習歷程自述(O、P、Q)、其他(R.各校系需求之補充資料、S.其他有利審查資料) ,一、學測國文、英文之級分總和
銘傳大學,數位媒體設計學系（桃園校區）,國文,後標,3,英文,後標,--,社會,後標,--,國英社,--,5,,,,*1.00,*1.00,*1.00,--,,40%,審查資料,--,40%,面試,70分,30%,,,,,,,,,,一、面試二、學測國英社級分總和三、學測國文級分四、審查資料,項目：修課紀錄(A)、課程學習成果(B、C)、多元表現(F、J、K、M、N)、學習歷程自述(P、Q) ,一、學測國文、英文、社會之級分總和　二、學測國文級分
國立臺南大學,數位學習科技學系,國文,--,--,英文,均標,3,數學A,均標,5,自然,--,--,,,,*1.00,*1.50,*2.00,*1.00,,40%,審查資料,70分,40%,面試,70分,30%,,,,,,,,,,一、面試二、審查資料三、學測數學A級分四、學測英文級分,項目：修課紀錄(A)、課程學習成果(B)、多元表現(J、K、L、M、N)、學習歷程自述(O、P、Q) ,一、學測國文、英文、數學A、自然之級分總和　二、學測數學A級分　三、學測英文級分
國立嘉義大學,數位學習設計與管理學系,國文,後標,10,英文,--,--,數學B,--,5,國英數B,--,3,,,,*1.50,*1.00,*1.50,--,,50%,審查資料,60分,50%,面試,60分,20%,,,,,,,,,,一、審查資料二、面試三、學測國文級分四、學測數學B級分,項目：修課紀錄(A)、課程學習成果(B、C)、多元表現(F、G、K、M、N)、學習歷程自述(O、P、Q) ,一、學測國文、英文、數學B之級分總和　二、學測國文級分　三、學測英文級分　四、學測數學B級分
國立臺北教育大學,數位科技設計學系,國文,均標,--,英文,均標,4,數學B,均標,3,國英數B,--,5,,,,*1.00,*1.50,*1.50,--,,45%,審查資料,--,45%,創意素描,--,20%,,,,,,,,,,一、學測國英數B級分總和二、創意素描三、審查資料,項目：修課紀錄(A)、課程學習成果(C)、多元表現(F、J、K、N)、學習歷程自述(O、P、Q) ,一、學測國文、英文、數學B之級分總和
國立臺北教育大學,數位科技設計學系(APCS組),英文,均標,10.0,數學B,均標,10.0,,,,,,,,,,*1.00,*1.00,,,,30%,審查資料,--,30%,面試,--,40%,,,,,,,,,,程式設計觀念題程式設計實作題,項目：修課紀錄(A)、課程學習成果(C)、多元表現(F、J、K、N)、學習歷程自述(O、P、Q) ,一、學測英文、數學B之級分總和　二、學測數學B級分　三、學測英文級分
明道大學,數位設計學系,國文,底標,3.0,,,,,,,,,,,,,--,,,,,0%,審查資料,--,0%,面試,--,50%,,,,,,,,,,一、面試二、審查資料,項目：修課紀錄(A)、課程學習成果(B、C、E)、多元表現(G、J、K、M、N)、學習歷程自述(P、Q) ,一、學測國文級分
國立臺北教育大學,數學暨資訊教育學系人工智慧與資訊教育組,國文,--,5.0,英文,均標,5.0,數學A,均標,3.0,,,,,,,*1.00,*1.00,*2.00,,,30%,審查資料,--,30%,面試,--,40%,,,,,,,,,,一、面試二、學測數學A級分三、審查資料四、學測英文級分,項目：修課紀錄(A)、課程學習成果(B、C)、多元表現(F、G、J、L、N)、學習歷程自述(O、P、Q)、其他(R.個人申請表) ,一、學測國文、英文、數學A之級分總和　二、學測數學A級分　三、學測英文級分
國立臺北教育大學,數學暨資訊教育學系人工智慧與資訊教育組(APCS組),英文,均標,10.0,數學A,均標,10.0,,,,,,,,,,*1.00,*2.00,,,,30%,審查資料,--,30%,面試,--,40%,,,,,,,,,,程式設計觀念題程式設計實作題,項目：修課紀錄(A)、課程學習成果(B、C)、多元表現(F、N)、學習歷程自述(O、P、Q)、其他(R.個人資料表) ,一、學測英文、數學A之級分總和　二、學測數學A級分　三、學測英文級分
國立臺北教育大學,數學暨資訊教育學系人工智慧與資訊教育組(公費生乙組),國文,前標,4.0,英文,前標,5.0,數學A,頂標,3.0,,,,,,,*1.50,*1.00,*2.00,,,30%,審查資料,--,30%,面試,--,40%,,,,,,,,,,一、面試二、學測數學A級分三、審查資料四、學測英文級分,項目：修課紀錄(A)、課程學習成果(B、C)、多元表現(F、G、J、L、N)、學習歷程自述(O、P、Q)、其他(R.個人資料) ,一、學測國文、英文、數學A之級分總和　二、學測數學A級分　三、學測英文級分
國立臺北教育大學,數學暨資訊教育學系人工智慧與資訊教育組(公費生甲組),國文,前標,4.0,英文,前標,5.0,數學A,頂標,3.0,,,,,,,*1.50,*1.00,*2.00,,,30%,審查資料,--,30%,面試,--,40%,,,,,,,,,,一、面試二、學測數學A級分三、審查資料四、學測英文級分,項目：修課紀錄(A)、課程學習成果(B、C)、多元表現(F、G、J、L、N)、學習歷程自述(O、P、Q)、其他(R.個人資料表) ,一、學測國文、英文、數學A之級分總和　二、學測數學A級分　三、學測英文級分
國立臺灣師範大學,晨光招生(光電工程學士學位學程),國文,後標,--,英文,後標,--,數學A,均標,--,數學B,均標,--,自然,均標,10,*1.00,*1.00,--,--,*1.50,25%,審查資料,--,25%,,,,,,,,,,,,,一、指定項目甄試成績二、學測國英自級分總和三、學測自然級分四、學測英文級分,項目：修課紀錄(A)、多元表現(F、I、N)、學習歷程自述(P、Q) ,一、學測國文、英文、自然之級分總和　二、學測自然級分　三、學測英文級分
國立中興大學,智慧創意工程學士學位學程,英文,均標,7.0,數學A,均標,7.0,自然,均標,8.0,,,,,,,*1.00,*1.00,*1.00,,,50%,審查資料,--,50%,筆試,--,10%,,,,,,,,,,一、學測數學A級分二、學測英文級分三、審查資料四、筆試,項目：修課紀錄(A)、課程學習成果(B、C、D)、多元表現(F、J、K、M、N)、學習歷程自述(O、P、Q) ,一、學測英文、數學A、自然之級分總和
國立屏東大學,智慧機器人學系,英文,後標,12,數學A,後標,3,自然,--,--,,,,,,,*1.00,*2.00,*2.00,,,50%,審查資料,--,50%,面試,--,30%,,,,,,,,,,一、學測數學A級分二、學測自然級分三、學測英文級分四、學測英數A自級分總和,項目：修課紀錄(A)、課程學習成果(B、C、D)、多元表現(F、J、K、L、N)、學習歷程自述(O、P、Q) ,一、學測英文、數學A、自然之級分總和
華梵大學,智慧生活科技學系大數據與管理組,國文,底標,3.5,英文,--,--,數學B,--,--,,,,,,,*1.00,*1.50,*2.00,,,30%,審查資料,--,30%,面談,--,40%,,,,,,,,,,一、指定項目甄試成績,項目：修課紀錄(A)、課程學習成果(B、C)、多元表現(G、I、N)、學習歷程自述(Q) ,一、學測國文、英文、數學B之級分總和　二、學測國文級分　三、學測英文級分　四、學測數學B級分
華梵大學,智慧生活科技學系大數據與管理組(青年儲蓄帳戶組),國文,底標,--,,,,,,,,,,,,,--,,,,,0%,審查資料,--,0%,面談,--,40%,,,,,,,,,,一、面談二、審查資料,項目：修課紀錄(A)、課程學習成果(B、C)、多元表現(G、I、N)、學習歷程自述(Q)、其他(R.體驗資歷（體驗學習報告及雙週誌）) ,(無)
華梵大學,智慧生活科技學系智慧產品開發組,國文,底標,3.5,英文,--,--,數學B,--,--,,,,,,,*1.00,*1.50,*2.00,,,30%,審查資料,--,30%,面談,--,40%,,,,,,,,,,一、指定項目甄試成績,項目：修課紀錄(A)、課程學習成果(B、C)、多元表現(G、I、N)、學習歷程自述(Q) ,一、學測國文、英文、數學B之級分總和　二、學測數學B級分
義守大學,智慧科技英語學士學位學程,國文,--,--,英文,--,4,數學A,後標,3,,,,,,,*1.00,*2.00,*2.00,,,30%,審查資料,--,30%,面試,--,35%,,,,,,,,,,一、面試二、審查資料三、學測數學A級分四、學測英文級分,項目：修課紀錄(A)、課程學習成果(B、C、D)、多元表現(F、N)、學習歷程自述(O、P) ,一、學測國文、英文、數學A之級分總和　二、學測數學A級分　三、學測英文級分　四、學測國文級分
義守大學,智慧網路科技學系智慧網通科技組,國文,--,5,數學A,後標,--,自然,--,--,,,,,,,*2.00,*2.00,*1.00,,,20%,審查資料,--,20%,面試,--,45%,,,,,,,,,,一、面試二、審查資料三、學測國文級分四、學測數學A級分,項目：修課紀錄(A)、課程學習成果(B、C)、多元表現(F、N)、學習歷程自述(O、P) ,一、學測國文、數學A、自然之級分總和　二、學測國文級分　三、學測數學A級分　四、學測自然級分
義守大學,智慧網路科技學系智慧軟體應用組,國文,--,3,英文,--,--,數學B,後標,--,,,,,,,*2.00,*1.00,*1.75,,,20%,審查資料,--,20%,面試,--,45%,,,,,,,,,,一、面試二、審查資料三、學測國文級分四、學測數學B級分,項目：修課紀錄(A)、課程學習成果(B、C)、多元表現(F、N)、學習歷程自述(O、P) ,一、學測國文、英文、數學B之級分總和　二、學測國文級分　三、學測數學B級分　四、學測英文級分
亞洲大學,生物資訊與醫學工程學系生醫資訊組,國文,--,8.0,數學A,底標,3.0,自然,--,5.0,,,,,,,*2.00,*1.00,*2.00,,,10%,審查資料,--,10%,面試,--,50%,,,,,,,,,,一、面試二、審查資料三、學測國數A自級分總和,項目：修課紀錄(A)、課程學習成果(D)、多元表現(I、K、L、M、N)、學習歷程自述(P、Q)、其他(R.自我成長及特色學習) ,一、學測國文、數學A、自然之級分總和
亞洲大學,生物資訊與醫學工程學系醫學工程組,國文,--,8,數學A,底標,--,自然,--,3,,,,,,,*1.00,--,*1.00,,,10%,審查資料,--,10%,面試,--,50%,,,,,,,,,,一、面試二、審查資料三、學測國數A自級分總和,項目：修課紀錄(A)、課程學習成果(D)、多元表現(I、K、L、M、N)、學習歷程自述(P、Q)、其他(R.自我成長及特色學習) ,一、學測國文、數學A、自然之級分總和
國立成功大學,統計學系,國文,均標,--,英文,前標,5,數學A,前標,3,,,,,,,*1.00,*1.25,*1.50,,,50%,審查資料,--,50%,面試,--,30%,,,,,,,,,,一、面試二、審查資料三、學測數學A級分四、學測英文級分,項目：修課紀錄(A)、課程學習成果(B)、多元表現(F、J、N)、學習歷程自述(P、Q) ,一、學測國文、英文、數學A之級分總和　二、學測數學A級分　三、學測英文級分　四、學測國文級分
淡江大學,統計學系,國文,--,3.0,英文,--,3.0,數學B,後標,3.0,,,,,,,*1.00,*1.00,*1.00,,,40%,審查資料,--,40%,面試,--,30%,,,,,,,,,,一、學測數學B級分二、學測英文級分三、面試四、審查資料,項目：修課紀錄(A)、課程學習成果(B、C、E)、多元表現(H、J、L、N)、學習歷程自述(O、P、Q)、其他(R.其他有利審查項目) ,一、學測國文、英文、數學B之級分總和　二、學測數學B級分　三、學測英文級分　四、學測國文級分
國立臺北大學,統計學系,國文,前標,--,英文,前標,--,數學A,前標,--,國英數A,--,3,,,,*1.00,*1.25,*1.50,--,,50%,審查資料,--,50%,面試,--,20%,,,,,,,,,,一、學測數學A級分二、學測英文級分三、學測國文級分四、審查資料,項目：修課紀錄(A)、課程學習成果(B、C)、多元表現(F、G、H、J、N)、學習歷程自述(P、Q) ,一、學測國文、英文、數學A之級分總和　二、學測數學A級分
東海大學,統計學系(巨量資料管理組),國文,--,--,英文,--,--,數學A,均標,5,國數A,--,3,,,,*1.50,*1.00,*2.00,--,,50%,審查資料,--,50%,面試,--,30%,,,,,,,,,,一、學測數學A級分二、面試三、審查資料,項目：修課紀錄(A)、課程學習成果(B、C)、多元表現(F、G、J、N)、學習歷程自述(O、P) ,一、學測國文、英文、數學A之級分總和　二、學測數學A級分　三、學測英文級分
東海大學,統計學系(決策管理組),國文,--,--,英文,--,--,數學B,均標,5,國數B,--,3,,,,*1.50,*1.00,*2.00,--,,50%,審查資料,--,50%,面試,--,30%,,,,,,,,,,一、學測數學B級分二、面試三、審查資料,項目：修課紀錄(A)、課程學習成果(B、C)、多元表現(F、G、J、N)、學習歷程自述(O、P) ,一、學測國文、英文、數學B之級分總和　二、學測數學B級分　三、學測英文級分
國立政治大學,統計學系(社會組),國文,前標,--,英文,前標,5,數學A,頂標,6,社會,--,--,國英數A社,--,3,*1.00,*1.00,*1.00,*1.00,--,40%,審查資料,--,40%,筆試,--,30%,,,,,,,,,,一、學測數學A級分二、審查資料三、學測英文級分四、筆試,項目：修課紀錄(A)、課程學習成果(B)、多元表現(F、H、I、J、N)、學習歷程自述(O、P、Q) ,一、學測國文、英文、數學A、社會之級分總和　二、學測數學A級分　三、學測國文級分　四、學測英文級分
國立政治大學,統計學系(自然組),國文,前標,--,英文,前標,5,數學A,頂標,6,自然,--,--,國英數A自,--,3.5,*1.00,*1.00,*1.00,*1.00,--,40%,審查資料,--,40%,筆試,--,30%,,,,,,,,,,一、學測數學A級分二、審查資料三、學測英文級分四、筆試,項目：修課紀錄(A)、課程學習成果(B)、多元表現(F、H、I、J、N)、學習歷程自述(O、P、Q) ,一、學測國文、英文、數學A、自然之級分總和　二、學測數學A級分　三、學測國文級分　四、學測英文級分
逢甲大學,統計學系商業大數據組,國文,--,--,英文,--,--,數學B,後標,--,國英數B,--,3,,,,*1.00,*1.50,*2.00,--,,40%,審查資料,--,40%,面試,--,30%,,,,,,,,,,一、學測國英數B級分總和二、學測數學B級分三、學測英文級分四、學測國文級分,項目：修課紀錄(A)、課程學習成果(B)、多元表現(F、G、I、N)、學習歷程自述(O、P、Q)、其他(R.商學相關資訊閱讀心得) ,一、學測國文、英文、數學B之級分總和
逢甲大學,統計學系大數據分析與市場決策組,國文,--,--,英文,後標,--,數學B,後標,3,國英數B,--,5,,,,*1.00,*1.50,*2.00,--,,40%,審查資料,--,40%,面試,--,30%,,,,,,,,,,一、學測國英數B級分總和二、學測數學B級分三、學測英文級分四、學測國文級分,項目：修課紀錄(A)、課程學習成果(B)、多元表現(F、G、I、N)、學習歷程自述(O、P、Q)、其他(R.商學相關資訊閱讀心得) ,一、學測國文、英文、數學B之級分總和
輔仁大學,統計資訊學系,國文,--,--,英文,均標,--,數學B,均標,--,英數B,--,3,,,,*1.00,*1.50,*1.50,--,,50%,審查資料,--,50%,面試,--,30%,,,,,,,,,,一、指定項目甄試成績二、學測國英數B級分總和三、學測數學B級分四、學測英文級分,項目：修課紀錄(A)、課程學習成果(D、E)、多元表現(F、G、H、M、N)、學習歷程自述(O、P、Q)、其他(R.個人資料表、S.其他有利審查資料) ,一、學測國文、英文、數學B之級分總和　二、學測數學B級分　三、學測英文級分
真理大學,統計資訊與精算學系一般組,國文,底標,4,英文,--,--,數學A,底標,--,數學B,底標,--,,,,*2.00,*2.00,--,--,,20%,審查資料,--,20%,,,,,,,,,,,,,一、指定項目甄試成績二、學測國文級分三、學測國英級分總和四、學科能力測驗成績,項目：修課紀錄(A)、課程學習成果(B、C、D、E)、多元表現(F、G、H、K、N)、學習歷程自述(O、P、Q) ,一、學測國文、英文之級分總和
真理大學,統計資訊與精算學系商業應用組,國文,--,--,數學B,底標,4,,,,,,,,,,*2.00,*2.00,,,,10%,審查資料,--,10%,面試,--,50%,,,,,,,,,,一、面試二、審查資料三、學測數學B級分四、學測國文級分,項目：修課紀錄(A)、課程學習成果(B、D)、多元表現(F、G、K、L、N)、學習歷程自述(O、P、Q) ,一、學測國文、數學B之級分總和
國立臺東大學,綠色與資訊科技學士學位學程,英文,--,--,數學B,--,--,自然,後標,3,,,,,,,*1.00,*2.00,*2.00,,,30%,審查資料,--,30%,面試,--,35%,,,,,,,,,,一、面試二、審查資料,項目：修課紀錄(A)、課程學習成果(B、C、D、E)、多元表現(F、J、K、M、N)、學習歷程自述(O、P、Q) ,一、學測英文、數學B、自然之級分總和
逢甲大學,美國加州聖荷西州立大學電機工程雙學士學位學程,英文,均標,--,數學A,均標,3,英數A,--,5,,,,,,,*1.00,*2.00,--,,,40%,審查資料,--,40%,面試,--,15%,英文筆試,--,15%,,,,,,,一、學測英數A級分總和二、英文筆試三、面試四、審查資料,項目：修課紀錄(A)、課程學習成果(B、D)、多元表現(F、J、L、N)、學習歷程自述(P、Q)、其他(R.個人潛能或特殊經歷、S.其他有利審查資料) ,一、學測英文、數學A之級分總和
逢甲大學,美國加州舊金山州立大學資訊工程雙學士學位學程,英文,均標,--,數學A,均標,3,英數A,--,5,,,,,,,*1.00,*2.00,--,,,40%,審查資料,--,40%,面試,--,15%,英文筆試,--,15%,,,,,,,一、學測英數A級分總和二、英文筆試三、面試四、審查資料,項目：修課紀錄(A)、課程學習成果(B)、多元表現(F、J、L、N)、學習歷程自述(P、Q)、其他(R.國際交流經驗、S.外語能力學習歷程心得、T.資訊能力學習歷程心得) ,一、學測英文、數學A之級分總和
逢甲大學,美國普渡大學電機資訊雙學士學位學程,英文,前標,--,數學A,均標,3,英數A,--,5,,,,,,,*1.00,*2.00,--,,,50%,審查資料,--,50%,面試,--,10%,英文筆試,--,10%,,,,,,,一、學測英數A級分總和二、英文筆試三、面試四、審查資料,項目：修課紀錄(A)、課程學習成果(B、D)、多元表現(F、J、L、N)、學習歷程自述(P、Q)、其他(R.個人潛能或特殊經歷、S.其他有利審查資料) ,一、學測英文、數學A之級分總和
逢甲大學,自動控制工程學系乙組,國文,--,--,英文,後標,--,數學B,後標,--,自然,--,--,國英數B自,--,3,*1.00,*1.00,*1.50,*1.50,--,40%,審查資料,--,40%,面試,--,25%,,,,,,,,,,一、學測數學B級分二、學測自然級分三、學測英文級分四、學測國文級分,項目：修課紀錄(A)、課程學習成果(B、D)、多元表現(F、J、L、M、N)、學習歷程自述(O、P、Q)、其他(R.數理/程式等學習活動、S.其他有利審查的資料) ,一、學測國文、英文、數學B、自然之級分總和　二、學測數學B級分　三、學測自然級分　四、學測英文級分
逢甲大學,自動控制工程學系甲組,國文,--,--,英文,後標,--,數學A,後標,--,自然,--,--,國英數A自,--,3,*1.00,*1.00,*1.50,*1.50,--,40%,審查資料,--,40%,面試,--,25%,,,,,,,,,,一、學測數學A級分二、學測自然級分三、學測英文級分四、學測國文級分,項目：修課紀錄(A)、課程學習成果(B、D)、多元表現(F、J、L、M、N)、學習歷程自述(O、P、Q)、其他(R.數理/程式等學習活動、S.其他有利審查的資料) ,一、學測國文、英文、數學A、自然之級分總和　二、學測數學A級分　三、學測自然級分　四、學測英文級分
亞洲大學,行動商務與多媒體應用學系多媒體應用組,國文,後標,--,社會,底標,--,國社,--,3,,,,,,,*1.00,*1.00,--,,,20%,審查資料,--,20%,面試,--,45%,,,,,,,,,,一、面試二、審查資料三、學測國社級分總和,項目：修課紀錄(A)、課程學習成果(B、C)、多元表現(G、H、I、M、N)、學習歷程自述(O、P、Q) ,一、學測國文、社會之級分總和
亞洲大學,行動商務與多媒體應用學系行動商務組,國文,底標,--,社會,後標,--,國社,--,3,,,,,,,*1.00,*1.00,--,,,20%,審查資料,--,20%,面試,--,45%,,,,,,,,,,一、面試二、審查資料三、學測國社級分總和,項目：修課紀錄(A)、課程學習成果(B、C)、多元表現(G、H、I、M、N)、學習歷程自述(O、P、Q) ,一、學測國文、社會之級分總和
靜宜大學,資料科學暨大數據分析與應用學系,國文,--,3.0,數學B,底標,3.0,,,,,,,,,,*1.00,*2.00,,,,50%,審查資料,--,50%,面試,--,20%,,,,,,,,,,一、學測數學B級分二、審查資料三、面試,項目：修課紀錄(A)、課程學習成果(B)、多元表現(G、H、I、M、N)、學習歷程自述(O、P、Q)、其他(R.其他有利審查資料) ,一、學測國文、數學B之級分總和　二、學測國文級分　三、學測數學B級分
東吳大學,資料科學系,英文,均標,--,數學B,均標,--,英數B,--,3,,,,,,,*1.00,*2.00,--,,,45%,審查資料,--,45%,面試,--,30%,,,,,,,,,,一、面試二、審查資料三、學科能力測驗成績四、學測英文級分,項目：修課紀錄(A)、課程學習成果(C)、多元表現(F、I、J、K、N)、學習歷程自述(P)、其他(R.本系自訂個人資料表、S.其他有利審查資料) ,一、學測英文、數學B之級分總和
義守大學,資料科學與大數據分析學系,國文,--,--,英文,--,--,數學A,後標,3,,,,,,,*1.50,*1.00,*2.00,,,30%,審查資料,--,30%,面試,--,40%,,,,,,,,,,一、面試二、審查資料三、學測數學A級分四、學測國文級分,項目：修課紀錄(A)、課程學習成果(B、C)、多元表現(F、N)、學習歷程自述(O、P) ,一、學測國文、英文、數學A之級分總和　二、學測數學A級分　三、學測國文級分　四、學測英文級分
淡江大學,資訊傳播學系,國文,後標,3,英文,後標,3,數學B,--,3,社會,--,--,,,,*1.50,*1.50,*1.50,*1.00,,30%,審查資料,--,30%,面試,--,40%,,,,,,,,,,一、面試二、學科能力測驗成績三、學測英文級分四、學測國文級分,項目：修課紀錄(A)、課程學習成果(C)、多元表現(F、G、J、N)、學習歷程自述(P)、其他(R.影音圖文等創作作品) ,一、學測國文、英文、數學B、社會之級分總和
中國文化大學,資訊傳播學系,國文,後標,6.0,英文,後標,3.0,,,,,,,,,,*2.00,*1.75,,,,40%,審查資料,--,40%,面試,--,35%,,,,,,,,,,一、學測國英級分總和二、學測國文級分三、學測英文級分四、審查資料,項目：修課紀錄(A)、課程學習成果(E)、多元表現(F、G、I、M、N)、學習歷程自述(P、Q) ,一、學測國文、英文之級分總和　二、學測國文級分
世新大學,資訊傳播學系,國文,均標,5,英文,後標,3,社會,--,--,,,,,,,*1.00,*1.00,*1.00,,,40%,審查資料,--,40%,面試,--,30%,,,,,,,,,,一、面試二、學測國文級分,項目：修課紀錄(A)、課程學習成果(B、C)、多元表現(F、N)、學習歷程自述(P、Q)、其他(R.其他有利審查資料) ,一、學測國文、英文、社會之級分總和
開南大學,資訊傳播學系,社會,底標,3.0,,,,,,,,,,,,,--,,,,,0%,審查資料,--,0%,面試,--,50%,,,,,,,,,,一、面試二、審查資料,項目：修課紀錄(A)、課程學習成果(B、C)、多元表現(F、I、N)、學習歷程自述(O、P、Q) ,一、學測社會級分
亞洲大學,資訊傳播學系新媒體傳播內容組,國文,底標,--,社會,底標,--,國社,--,3,,,,,,,*1.00,*1.00,--,,,30%,審查資料,--,30%,面試,--,40%,,,,,,,,,,一、面試二、審查資料三、學測國社級分總和,項目：修課紀錄(A)、課程學習成果(C、E)、多元表現(F、J、K、M、N)、學習歷程自述(O、P、Q)、其他(R.其他有利審查資料) ,一、學測國文、社會之級分總和
亞洲大學,資訊傳播學系智慧傳播應用組,國文,底標,--,國社,--,3,,,,,,,,,,*1.00,--,,,,30%,審查資料,--,30%,面試,--,40%,,,,,,,,,,一、面試二、審查資料三、學測國社級分總和,項目：修課紀錄(A)、課程學習成果(C、E)、多元表現(F、J、K、M、N)、學習歷程自述(O、P、Q)、其他(R.其他有利審查資料) ,一、學測國文、社會之級分總和
元智大學,資訊傳播學系科技組,國文,--,--,英文,後標,6,數學B,--,3,,,,,,,*1.00,*1.00,*1.00,,,50%,審查資料,--,50%,面試,--,20%,,,,,,,,,,一、審查資料二、面試三、學測數學B級分四、學測英文級分,項目：修課紀錄(A)、課程學習成果(B、C)、多元表現(F、G、L、M、N)、學習歷程自述(O、P) ,一、學測國文、英文、數學B之級分總和　二、學測數學B級分　三、學測英文級分　四、學測國文級分
元智大學,資訊傳播學系設計組,國文,後標,6.0,英文,後標,3.0,數學B,--,8.0,,,,,,,*2.00,*2.00,*1.00,,,50%,審查資料,--,50%,面試,--,30%,,,,,,,,,,一、面試二、審查資料三、學測國文級分四、學測英文級分,項目：修課紀錄(A)、課程學習成果(B、C)、多元表現(F、G、J、M、N)、學習歷程自述(O、P) ,一、學測國文、英文、數學B之級分總和　二、學測英文級分　三、學測國文級分　四、學測數學B級分
靜宜大學,資訊傳播工程學系,國文,--,3,英文,--,3,數學B,底標,--,,,,,,,*1.00,*1.00,*2.00,,,40%,審查資料,60分,40%,面試,60分,30%,,,,,,,,,,一、面試二、審查資料三、學測數學B級分,項目：修課紀錄(A)、多元表現(F、N)、學習歷程自述(O、P、Q)、其他(R.其他有利審查資料) ,一、學測國文、英文、數學B之級分總和　二、學測數學B級分　三、學測國文級分
銘傳大學,資訊傳播工程學系互動媒體科技組（桃園校區）,國文,底標,7.0,英文,--,5.0,國英,--,3.0,,,,,,,*1.00,*2.00,--,,,30%,審查資料,--,30%,面試,70分,40%,,,,,,,,,,一、面試二、學測英文級分三、學測國文級分四、審查資料,項目：修課紀錄(A)、課程學習成果(B、C)、多元表現(F、M、N)、學習歷程自述(P、Q) ,一、學測國文、英文之級分總和　二、學測英文級分
銘傳大學,資訊傳播工程學系人工智慧應用組（桃園校區）,國文,底標,5.0,英文,底標,7.0,國英,--,3.0,,,,,,,*2.00,*1.00,--,,,30%,審查資料,--,30%,面試,70分,40%,,,,,,,,,,一、面試二、學測國文級分三、學測英文級分四、審查資料,項目：修課紀錄(A)、課程學習成果(B、C)、多元表現(F、M、N)、學習歷程自述(P、Q) ,一、學測國文、英文之級分總和　二、學測國文級分
靜宜大學,資訊傳播工程學系（APCS組）,國文,後標,25.0,數學B,底標,25.0,,,,,,,,,,*1.00,*2.00,,,,40%,審查資料,60分,40%,面試,60分,30%,,,,,,,,,,程式設計觀念題程式設計實作題,項目：修課紀錄(A)、多元表現(F、N)、學習歷程自述(O、P、Q)、其他(R.其他有利審查資料) ,一、學測國文、數學B之級分總和　二、學測數學B級分　三、學測國文級分
銘傳大學,資訊傳播工程學系（APCS組．桃園校區）,國文,底標,--,數學B,底標,--,國數B,--,3,,,,,,,*2.00,*2.00,--,,,30%,審查資料,--,30%,面試,70分,40%,,,,,,,,,,程式設計觀念題程式設計實作題,項目：修課紀錄(A)、課程學習成果(B、C)、多元表現(F、M、N)、學習歷程自述(P、Q) ,一、學測國文、數學B之級分總和
元智大學,資訊學院英語學士班,國文,--,3.0,英文,均標,3.0,數學A,--,3.0,,,,,,,*1.00,*1.00,*1.00,,,50%,審查資料,--,50%,,,,,,,,,,,,,一、學測英文級分二、學測數學A級分三、學測國文級分四、審查資料,項目：修課紀錄(A)、課程學習成果(B、C、D、E)、多元表現(F、G、J、K、N)、學習歷程自述(O、P、Q) ,一、學測國文、英文、數學A之級分總和　二、學測英文級分　三、學測數學A級分　四、學測國文級分
國立臺灣大學,資訊工程學系,英文,頂標,10.0,數學A,頂標,2.5,自然,頂標,10.0,,,,,,,*1.25,*2.00,*1.00,,,20%,審查資料,70分,20%,數學筆試,--,40%,,,,,,,,,,一、數學筆試二、審查資料三、學科能力測驗成績四、學測數學A級分,項目：修課紀錄(A)、課程學習成果(B、C、D)、多元表現(F、J、M、N)、學習歷程自述(P、Q)、其他(R.本系個人資料表、S.自傳(學生自述)、T.其他有利審查之證明) ,一、學測英文、數學A、自然之級分總和
國立臺灣師範大學,資訊工程學系,國文,均標,--,英文,均標,10,數學A,前標,3,自然,前標,--,,,,--,*1.00,*1.00,*1.00,,50%,審查資料,--,50%,口試,--,25%,,,,,,,,,,一、指定項目甄試成績二、學測數學A級分三、學測英文級分四、學測自然級分,項目：修課紀錄(A)、課程學習成果(B、C)、多元表現(F、J、L、M、N)、學習歷程自述(P、Q) ,一、學測國文、英文、數學A、自然之級分總和　二、學測數學A級分　三、學測英文級分　四、學測自然級分
國立中興大學,資訊工程學系,國文,均標,--,英文,均標,10,數學A,均標,4.5,自然,--,10,國英數A自,--,8,*1.00,*1.50,*2.00,*2.00,--,50%,審查資料,--,50%,,,,,,,,,,,,,一、學測數學A級分二、學測自然級分三、學測英文級分四、審查資料,項目：修課紀錄(A)、課程學習成果(B、C、D)、多元表現(F、J、L、M、N)、學習歷程自述(O、P、Q) ,一、學測國文、英文、數學A、自然之級分總和
國立成功大學,資訊工程學系,英文,均標,3.0,數學A,前標,3.0,自然,前標,3.0,,,,,,,*1.00,*2.00,*1.00,,,50%,審查資料,--,50%,認識本系及筆試,--,10%,,,,,,,,,,一、學科能力測驗成績二、學測數學A級分三、學測英文級分四、審查資料,項目：修課紀錄(A)、課程學習成果(B、D)、多元表現(F、J、L、M、N)、學習歷程自述(O、P、Q) ,一、學測英文、數學A、自然之級分總和
中原大學,資訊工程學系,國文,--,--,英文,後標,--,數學A,--,--,自然,--,--,國英數A自,--,3,*1.00,*1.00,*1.00,*1.00,--,50%,審查資料,--,50%,面試,80分,10%,,,,,,,,,,一、學科能力測驗成績二、學測數學A級分三、學測英文級分四、審查資料,項目：修課紀錄(A)、課程學習成果(B、C、D)、多元表現(G、H、J、L、N)、學習歷程自述(P、Q) ,一、學測國文、英文、數學A、自然之級分總和　二、學測數學A級分　三、學測英文級分　四、學測國文級分
淡江大學,資訊工程學系,英文,--,--,數學A,均標,3,自然,--,--,,,,,,,*1.00,*2.00,*1.00,,,40%,審查資料,--,40%,團體面試,--,30%,,,,,,,,,,一、學測數學A級分二、學測英文級分三、學測自然級分四、團體面試,項目：修課紀錄(A)、課程學習成果(B)、多元表現(F、L、M、N)、學習歷程自述(P、Q) ,一、學測英文、數學A、自然之級分總和
國立中央大學,資訊工程學系,國文,前標,--,英文,前標,10,數學A,前標,3,自然,前標,5,國英數A自,--,4,--,*1.00,*1.50,*1.00,--,30%,審查資料,--,30%,筆試,--,40%,,,,,,,,,,一、指定項目甄試成績二、學測數學A級分三、學測英文級分四、學測自然級分,項目：修課紀錄(A)、課程學習成果(B、C、D)、多元表現(F、I、J、M、N)、學習歷程自述(O、P、Q) ,一、學測國文、英文、數學A、自然之級分總和
中國文化大學,資訊工程學系,國文,--,--,英文,--,--,數學A,底標,3,自然,--,--,,,,*1.25,*1.25,*1.50,*1.00,,40%,審查資料,--,40%,面試,--,30%,,,,,,,,,,一、學測國英數A自級分總和二、面試三、審查資料四、學測數學A級分,項目：修課紀錄(A)、課程學習成果(B、C、D)、多元表現(F、J、L、M、N)、學習歷程自述(P、Q)、其他(R.其他有利審查資料) ,一、學測國文、英文、數學A、自然之級分總和　二、學測數學A級分　三、學測自然級分　四、學測英文級分
靜宜大學,資訊工程學系,國文,--,--,英文,--,--,數學B,後標,--,國英數B,--,3,,,,*1.00,*1.00,*2.00,--,,20%,審查資料,60分,20%,面試,60分,40%,,,,,,,,,,一、面試二、審查資料三、學測數學B級分四、學測國英數B級分總和,項目：修課紀錄(A)、多元表現(F、G、I、M、N)、學習歷程自述(O、P)、其他(R.其他有利審查資料) ,一、學測國文、英文、數學B之級分總和　二、學測數學B級分　三、學測英文級分
大同大學,資訊工程學系,國文,後標,--,英文,後標,3,,,,,,,,,,*1.00,*2.00,,,,50%,審查資料,--,50%,團體面談及認識本系,--,10%,,,,,,,,,,一、學測英文級分二、審查資料,項目：修課紀錄(A)、多元表現(F、N)、學習歷程自述(O、P、Q)、其他(R.其他有利審查資料) ,一、學測國文、英文之級分總和
輔仁大學,資訊工程學系,國文,--,--,英文,--,--,數學A,後標,--,國英數A,--,3,,,,*1.50,*1.00,*1.00,--,,50%,審查資料,--,50%,面試,--,20%,,,,,,,,,,一、面試二、學測國英數A級分總和三、審查資料四、學測數學A級分,項目：修課紀錄(A)、課程學習成果(B、C)、多元表現(F、N) ,一、學測國文、英文、數學A之級分總和
國立臺灣海洋大學,資訊工程學系,英文,均標,--,數學A,均標,3,自然,均標,--,英數A自,--,4,,,,*1.00,*1.00,*1.00,--,,50%,審查資料,--,50%,面試,--,30%,,,,,,,,,,一、面試二、學測數學A級分三、學測英文級分四、學測自然級分,項目：修課紀錄(A)、課程學習成果(B、C、D)、多元表現(G、J、L、N)、學習歷程自述(O、P、Q)、其他(R.其他有利審查資料) ,一、學測英文、數學A、自然之級分總和
國立彰化師範大學,資訊工程學系,國文,後標,--,英文,均標,3,數學A,均標,3,自然,均標,3,,,,--,*1.50,*2.00,*1.50,,50%,審查資料,--,50%,,,,,,,,,,,,,一、學科能力測驗成績二、審查資料三、學測數學A級分四、學測自然級分,項目：修課紀錄(A)、課程學習成果(B、C、D)、多元表現(F、J、L、M、N)、學習歷程自述(O、P、Q) ,一、學測國文、英文、數學A、自然之級分總和
國立中山大學,資訊工程學系,國文,均標,3.0,英文,均標,3.0,數學A,前標,3.0,自然,前標,3.0,,,,*1.00,*1.00,*1.00,*1.00,,40%,審查資料,--,40%,團體面談及心得報告,--,30%,,,,,,,,,,一、審查資料二、學測數學A級分三、學測自然級分四、學測英文級分,項目：修課紀錄(A)、課程學習成果(D)、多元表現(F、J、L、M、N)、學習歷程自述(O、P、Q)、其他(R.自傳) ,一、學測國文、英文、數學A、自然之級分總和　二、學測數學A級分　三、學測自然級分　四、學測英文級分
長庚大學,資訊工程學系,英文,--,--,數學A,均標,3,自然,--,4,英數A自,--,5,,,,*1.00,*1.50,*1.25,--,,50%,審查資料,--,50%,面試,--,25%,,,,,,,,,,一、學測英數A自級分總和二、學測數學A級分三、學測自然級分四、學測英文級分,項目：修課紀錄(A)、課程學習成果(B、C、D)、多元表現(F、J、K、M、N)、學習歷程自述(O、P、Q) ,一、學測英文、數學A、自然之級分總和
國立臺中教育大學,資訊工程學系,國文,--,--,英文,--,--,數學A,均標,--,自然,--,--,國英數A自,--,3,*1.00,*1.00,*1.25,*1.00,--,50%,審查資料,--,50%,團體面試,--,20%,,,,,,,,,,一、學測數學A級分二、學測英文級分三、學測自然級分四、指定項目甄試成績,項目：修課紀錄(A)、課程學習成果(B、C)、多元表現(F、M、N)、學習歷程自述(O、P、Q) ,一、學測國文、英文、數學A、自然之級分總和
國立臺南大學,資訊工程學系,國文,均標,--,英文,均標,3,數學A,均標,6,國英數A,--,3.5,,,,*1.00,*1.00,*1.00,--,,50%,審查資料,--,50%,,,,,,,,,,,,,一、指定項目甄試成績二、學測英文級分三、學測數學A級分四、學測國文級分,項目：修課紀錄(A)、課程學習成果(B、C)、多元表現(F、N)、學習歷程自述(O、P、Q) ,一、學測國文、英文、數學A之級分總和　二、學測英文級分　三、學測數學A級分　四、學測國文級分
國立屏東大學,資訊工程學系,國文,後標,6.0,英文,後標,15.0,數學A,後標,15.0,國英數A,--,25.0,,,,*1.00,*2.00,*2.00,--,,50%,審查資料,--,50%,,,,,,,,,,,,,一、學科能力測驗成績二、指定項目甄試成績三、學測數學A級分四、學測英文級分,項目：修課紀錄(A)、課程學習成果(B、C、D)、多元表現(F、J、L、M、N)、學習歷程自述(O、P、Q) ,一、學測國文、英文、數學A之級分總和　二、學測數學A級分　三、學測英文級分
國立臺東大學,資訊工程學系,英文,--,5.0,數學A,底標,4.0,英數A,--,3.0,,,,,,,*1.00,*1.00,--,,,40%,審查資料,--,40%,面試,--,30%,,,,,,,,,,一、學測數學A級分二、學測英文級分三、面試,項目：修課紀錄(A)、課程學習成果(C、D)、多元表現(F、J、L、M、N)、學習歷程自述(O、P、Q) ,一、學測英文、數學A之級分總和
元智大學,資訊工程學系,國文,--,3.0,英文,--,3.0,數學A,均標,3.0,自然,--,3.0,,,,*1.00,*1.25,*1.25,*1.00,,50%,審查資料,--,50%,,,,,,,,,,,,,一、審查資料二、學測數學A級分三、學測英文級分四、學測國文級分,項目：修課紀錄(A)、課程學習成果(B、C)、多元表現(G、H、J、L、N)、學習歷程自述(O、P、Q) ,一、學測國文、英文、數學A、自然之級分總和　二、學測數學A級分　三、學測英文級分　四、學測自然級分
國立中正大學,資訊工程學系,國文,均標,--,英文,均標,--,數學A,均標,--,自然,均標,--,國英數A自,--,3,*1.00,*1.25,*1.50,*1.00,--,50%,審查資料,--,50%,,,,,,,,,,,,,一、審查資料二、學測數學A級分三、學測英文級分四、學測自然級分,項目：修課紀錄(A)、課程學習成果(B、C、D)、多元表現(F、J、L、M、N)、學習歷程自述(O、P、Q) ,一、學測國文、英文、數學A、自然之級分總和　二、學測數學A級分
國立暨南國際大學,資訊工程學系,英文,--,5.0,數學A,均標,3.0,,,,,,,,,,*1.00,*1.00,,,,50%,審查資料,--,50%,評估測驗,--,20%,,,,,,,,,,一、學測數學A級分二、學測英文級分,項目：修課紀錄(A)、課程學習成果(B、C、D)、多元表現(F、G、J、L、N)、學習歷程自述(O、P、Q) ,一、學測英文、數學A之級分總和
真理大學,資訊工程學系,國文,底標,6,英文,底標,6,數學B,--,--,,,,,,,*1.00,*1.00,*1.00,,,10%,審查資料,--,10%,面試,--,50%,,,,,,,,,,一、指定項目甄試成績二、學測英文級分三、學測國文級分,項目：修課紀錄(A)、課程學習成果(B、C)、多元表現(F、I、K、M、N)、學習歷程自述(O、P、Q) ,一、學測國文、英文、數學B之級分總和
國立臺北大學,資訊工程學系,英文,均標,6.0,數學A,均標,3.0,自然,均標,6.0,,,,,,,*1.50,*2.00,*1.50,,,50%,審查資料,--,50%,,,,,,,,,,,,,一、指定項目甄試成績二、學測英數A自級分總和三、學測數學A級分四、學測英文級分,項目：修課紀錄(A)、課程學習成果(B、C、D)、多元表現(F、G、K、M、N)、學習歷程自述(O、P、Q)、其他(R.其他有助審查資料) ,一、學測英文、數學A、自然之級分總和
國立嘉義大學,資訊工程學系,國文,--,--,英文,--,--,數學A,均標,--,國英數A,--,3,,,,*1.00,*1.00,*1.00,--,,50%,審查資料,--,50%,面試,--,20%,,,,,,,,,,一、學測數學A級分二、學測英文級分三、審查資料四、面試,項目：修課紀錄(A)、課程學習成果(B、C)、多元表現(F、M、N)、學習歷程自述(O、P、Q)、其他(R.個人資料表) ,一、學測國文、英文、數學A之級分總和　二、學測數學A級分　三、學測英文級分　四、學測國文級分
國立高雄大學,資訊工程學系,英文,均標,6,數學A,均標,3,自然,均標,--,,,,,,,*1.50,*1.50,*1.00,,,50%,審查資料,--,50%,面試,--,30%,,,,,,,,,,一、面試二、審查資料三、學測數學A級分四、學測自然級分,項目：修課紀錄(A)、課程學習成果(B、D)、多元表現(F、G、J、M、N)、學習歷程自述(O、P、Q) ,一、學測英文、數學A、自然之級分總和　二、學測英文級分　三、學測數學A級分　四、學測自然級分
國立宜蘭大學,資訊工程學系,國文,--,--,英文,--,4,數學A,--,3.5,自然,均標,--,,,,*1.00,*1.00,*2.00,*1.00,,30%,審查資料,--,30%,口試,--,40%,,,,,,,,,,一、學測數學A級分二、學測英文級分三、口試四、審查資料,項目：修課紀錄(A)、課程學習成果(B、C)、多元表現(F、J、K、L、N)、學習歷程自述(O、P、Q) ,一、學測國文、英文、數學A、自然之級分總和
國立聯合大學,資訊工程學系,英文,後標,4.0,數學A,均標,5.0,英數A,--,3.0,,,,,,,*1.00,*2.00,--,,,50%,審查資料,--,50%,,,,,,,,,,,,,一、指定項目甄試成績二、學測數學A級分三、學測英文級分四、學測英數A級分總和,項目：修課紀錄(A)、課程學習成果(C)、多元表現(F、J、M、N)、學習歷程自述(P) ,一、學測英文、數學A之級分總和
國立金門大學,資訊工程學系,國文,均標,4,英文,--,--,自然,後標,3,,,,,,,*1.50,*1.00,*1.50,,,50%,審查資料,--,50%,,,,,,,,,,,,,一、審查資料二、學測自然級分三、學測英文級分四、學測國文級分,項目：修課紀錄(A)、課程學習成果(B)、多元表現(F、N)、學習歷程自述(Q) ,一、學測國文、英文、自然之級分總和
國立臺灣大學,資訊工程學系(APCS組),英文,前標,--,數學A,前標,10,自然,前標,--,,,,,,,*1.25,*2.00,--,,,20%,審查資料,70分,20%,數學筆試,--,20%,,,,,,,,,,程式設計觀念題程式設計實作題,項目：修課紀錄(A)、課程學習成果(B、C、D)、多元表現(F、J、M、N)、學習歷程自述(P、Q)、其他(R.本系個人資料表、S.自傳(學生自述)、T.其他有利審查之證明) ,一、學測英文、數學A、自然之級分總和
國立臺灣師範大學,資訊工程學系(APCS組),國文,均標,--,英文,均標,10,數學A,前標,9,,,,,,,--,*1.00,*1.00,,,20%,審查資料,--,20%,口試,--,40%,,,,,,,,,,程式設計觀念題程式設計實作題,項目：修課紀錄(A)、課程學習成果(B、C)、多元表現(F、J、L、M、N)、學習歷程自述(P、Q)、其他(R.其它有利審查文件) ,一、學測國文、英文、數學A之級分總和　二、學測數學A級分　三、學測英文級分　四、學測國文級分
國立中興大學,資訊工程學系(APCS組),國文,均標,--,英文,均標,5,數學A,均標,8,自然,--,5,國英數A自,--,4.5,*1.00,*1.50,*2.00,*2.00,--,50%,審查資料,--,50%,,,,,,,,,,,,,程式設計觀念題程式設計實作題,項目：修課紀錄(A)、課程學習成果(B、C、D)、多元表現(F、J、L、M、N)、學習歷程自述(O、P、Q) ,一、學測國文、英文、數學A、自然之級分總和
國立清華大學,資訊工程學系(APCS組),英文,--,--,數學A,前標,10,自然,--,--,,,,,,,*1.00,*1.00,*1.00,,,20%,審查資料,--,20%,口試,--,40%,,,,,,,,,,程式設計觀念題程式設計實作題,項目：修課紀錄(A)、課程學習成果(B、C、D)、多元表現(F、J、K、M、N)、學習歷程自述(O、P、Q)、其他(R.其他有利審查資料) ,一、學測英文、數學A、自然之級分總和
國立陽明交通大學,資訊工程學系(APCS組),數學A,前標,20,自然,均標,--,,,,,,,,,,*1.00,--,,,,20%,審查資料,--,20%,口試,--,45%,,,,,,,,,,程式設計觀念題程式設計實作題,項目：修課紀錄(A)、課程學習成果(B、C、D)、多元表現(I、K、M、N)、學習歷程自述(O、P) ,一、學測數學A、自然之級分總和　二、學測數學A級分　三、學測自然級分
淡江大學,資訊工程學系(APCS組),英文,--,--,數學A,均標,20,自然,--,--,,,,,,,*1.00,*2.00,*1.00,,,40%,審查資料,--,40%,團體面試,--,30%,,,,,,,,,,程式設計觀念題程式設計實作題,項目：修課紀錄(A)、課程學習成果(B)、多元表現(F、L、M、N)、學習歷程自述(P、Q) ,一、學測英文、數學A、自然之級分總和
逢甲大學,資訊工程學系(APCS組),國文,--,--,英文,後標,--,數學A,後標,8,國英數A,--,5,,,,*1.00,*1.00,*1.50,--,,40%,審查資料,--,40%,面試,--,25%,,,,,,,,,,程式設計觀念題程式設計實作題,項目：修課紀錄(A)、課程學習成果(B、C、D)、多元表現(F、J、L、M、N)、學習歷程自述(O、P)、其他(R.運用網路資源學習經驗、S.程式設計相關活動) ,一、學測國文、英文、數學A之級分總和　二、學測數學A級分　三、學測英文級分　四、學測國文級分
輔仁大學,資訊工程學系(APCS組),國文,--,--,英文,--,--,數學A,後標,--,國英數A,--,3,,,,*1.50,*1.00,*1.00,--,,50%,審查資料,--,50%,面試,--,20%,,,,,,,,,,程式設計觀念題程式設計實作題,項目：修課紀錄(A)、課程學習成果(B、C)、多元表現(F、N) ,一、學測國文、英文、數學A之級分總和
國立臺灣海洋大學,資訊工程學系(APCS組),英文,均標,--,數學A,均標,6,,,,,,,,,,*1.00,*1.00,,,,50%,審查資料,--,50%,面試,--,30%,,,,,,,,,,程式設計觀念題程式設計實作題,項目：修課紀錄(A)、課程學習成果(B、C、D)、多元表現(G、H、J、L、N)、學習歷程自述(O、P、Q)、其他(R.有利審查資料，如說明) ,一、學測英文、數學A之級分總和
國立彰化師範大學,資訊工程學系(APCS組),英文,均標,10,數學A,均標,10,自然,後標,--,,,,,,,*1.50,*2.00,--,,,30%,審查資料,--,30%,APCS,--,40%,,,,,,,,,,程式設計觀念題程式設計實作題,項目：修課紀錄(A)、多元表現(J、L、N) ,一、學測英文、數學A、自然之級分總和
國立臺南大學,資訊工程學系(APCS組),國文,均標,--,英文,均標,3,數學A,均標,6,國英數A,--,3.5,,,,*1.00,*1.00,*1.00,--,,30%,審查資料,--,30%,APCS,--,40%,,,,,,,,,,程式設計觀念題程式設計實作題,項目：修課紀錄(A)、課程學習成果(B、C)、多元表現(F、J、L、N)、學習歷程自述(O、P、Q)、其他(R.有利審查資料，如說明) ,一、學測國文、英文、數學A之級分總和　二、學測英文級分　三、學測數學A級分　四、學測國文級分
元智大學,資訊工程學系(APCS組),國文,--,--,英文,--,--,數學A,均標,7,自然,--,--,,,,*1.00,*1.25,*1.25,*1.00,,50%,審查資料,--,50%,,,,,,,,,,,,,程式設計觀念題程式設計實作題,項目：修課紀錄(A)、課程學習成果(B、C)、多元表現(G、H、J、L、N)、學習歷程自述(O、P、Q) ,一、學測國文、英文、數學A、自然之級分總和　二、學測數學A級分　三、學測英文級分　四、學測自然級分
義守大學,資訊工程學系(APCS組),數學A,後標,15.0,,,,,,,,,,,,,*1.00,,,,,30%,審查資料,--,30%,面試,--,30%,,,,,,,,,,程式設計觀念題程式設計實作題,項目：修課紀錄(A)、課程學習成果(B、C)、多元表現(F、N)、學習歷程自述(O、P) ,一、學測數學A級分
國立暨南國際大學,資訊工程學系(APCS組),英文,--,15.0,數學A,均標,15.0,自然,均標,15.0,,,,,,,*1.00,*1.00,*1.00,,,50%,審查資料,--,50%,評估測驗,--,20%,,,,,,,,,,程式設計觀念題程式設計實作題,項目：修課紀錄(A)、課程學習成果(B、C、D)、多元表現(F、G、J、L、N)、學習歷程自述(O、P、Q) ,一、學測英文、數學A、自然之級分總和
國立臺北大學,資訊工程學系(APCS組),英文,均標,10.0,數學A,均標,10.0,,,,,,,,,,*1.50,*2.00,,,,30%,審查資料,--,30%,,,,,,,,,,,,,程式設計觀念題程式設計實作題,項目：修課紀錄(A)、課程學習成果(B、C、D)、多元表現(F、G、K、M、N)、學習歷程自述(O、P、Q)、其他(R.其他有助審查資料) ,一、學測英文、數學A之級分總和
國立嘉義大學,資訊工程學系(APCS組),英文,--,--,數學A,均標,--,英數A,--,10,,,,,,,*1.00,*1.00,--,,,50%,審查資料,--,50%,面試,--,20%,,,,,,,,,,程式設計觀念題程式設計實作題,項目：修課紀錄(A)、課程學習成果(B、C)、多元表現(F、M、N)、學習歷程自述(O、P、Q)、其他(R.個人資料表) ,一、學測英文、數學A之級分總和　二、學測數學A級分　三、學測英文級分
國立宜蘭大學,資訊工程學系(APCS組),國文,--,--,英文,--,6,數學A,--,5,自然,均標,--,,,,*1.00,*1.00,*2.00,*1.00,,30%,審查資料,--,30%,口試,--,40%,,,,,,,,,,程式設計觀念題程式設計實作題,項目：修課紀錄(A)、課程學習成果(B、C)、多元表現(F、J、K、L、N)、學習歷程自述(O、P、Q) ,一、學測國文、英文、數學A、自然之級分總和
國立聯合大學,資訊工程學系(APCS組),英文,後標,4.0,數學A,均標,7.0,英數A,--,3.0,,,,,,,*1.00,*2.00,--,,,50%,審查資料,--,50%,,,,,,,,,,,,,程式設計觀念題程式設計實作題,項目：修課紀錄(A)、課程學習成果(C)、多元表現(F、J、M、N)、學習歷程自述(P) ,一、學測英文、數學A之級分總和
國立金門大學,資訊工程學系(APCS組),國文,均標,12,英文,--,--,自然,後標,11,,,,,,,*1.50,*1.00,*1.50,,,50%,審查資料,--,50%,,,,,,,,,,,,,程式設計觀念題程式設計實作題,項目：修課紀錄(A)、課程學習成果(B)、多元表現(F、N)、學習歷程自述(Q) ,一、學測國文、英文、自然之級分總和
銘傳大學,資訊工程學系(APCS組．桃園校區),國文,底標,3.0,數學B,底標,3.0,,,,,,,,,,*1.00,*1.00,,,,30%,審查資料,--,30%,面試,70分,40%,,,,,,,,,,程式設計觀念題程式設計實作題,項目：修課紀錄(A)、課程學習成果(B、C、D)、多元表現(F、G、J、L、N)、學習歷程自述(O、Q)、其他(R.其它有利審查之資料) ,一、學測國文、數學B之級分總和
國立陽明交通大學,資訊工程學系(乙組),國文,均標,--,英文,前標,5,數學A,頂標,3,自然,前標,5,,,,--,*1.00,*1.20,*1.00,,40%,審查資料,--,40%,團體面談(含考試),--,10%,,,,,,,,,,一、審查資料二、學測數學A級分三、學測自然級分四、學測英文級分,項目：修課紀錄(A)、課程學習成果(B、C、D)、多元表現(J、K、M、N)、學習歷程自述(O、P) ,一、學測國文、英文、數學A、自然之級分總和　二、學測數學A級分　三、學測自然級分　四、學測英文級分
東海大學,資訊工程學系(人工智慧組),英文,--,--,數學A,後標,--,自然,後標,--,英數A自,--,3,,,,*1.50,*2.00,*1.00,--,,50%,審查資料,--,50%,面試,--,20%,,,,,,,,,,一、學測數學A級分二、學測英文級分三、學測自然級分,項目：修課紀錄(A)、課程學習成果(B)、多元表現(F、J、L、M、N)、學習歷程自述(P、Q) ,一、學測英文、數學A、自然之級分總和　二、學測數學A級分　三、學測英文級分　四、學測自然級分
東海大學,資訊工程學系(人工智慧組APCS組),英文,--,--,數學A,後標,--,自然,後標,--,英數A自,--,5,,,,*1.50,*2.00,*1.00,--,,50%,審查資料,--,50%,面試,--,20%,,,,,,,,,,程式設計觀念題程式設計實作題,項目：修課紀錄(A)、課程學習成果(B)、多元表現(F、J、L、M、N)、學習歷程自述(P、Q) ,一、學測英文、數學A、自然之級分總和　二、學測數學A級分　三、學測英文級分　四、學測自然級分
國立臺東大學,資訊工程學系(公費生),國文,底標,5.0,英文,後標,4.0,數學A,後標,3.0,,,,,,,*1.00,*2.00,*2.00,,,40%,審查資料,--,40%,面試,--,30%,,,,,,,,,,一、學測數學A級分二、學測英文級分三、面試,項目：修課紀錄(A)、課程學習成果(C、D)、多元表現(F、J、L、M、N)、學習歷程自述(O、P、Q) ,一、學測國文、英文、數學A之級分總和　二、學測數學A級分　三、學測英文級分
國立成功大學,資訊工程學系(普渡雙聯組),英文,前標,3,數學A,前標,3,自然,前標,3,英聽,A級,--,,,,*1.00,*1.00,*1.00,--,,50%,審查資料,--,50%,面試,--,25%,,,,,,,,,,一、學科能力測驗成績二、學測數學A級分三、學測英文級分四、學測自然級分,項目：修課紀錄(A)、課程學習成果(B、D)、多元表現(F、J、L、M、N)、學習歷程自述(O、P、Q) ,一、學測英文、數學A、自然之級分總和　二、學測英文級分　三、學測數學A級分
銘傳大學,資訊工程學系(桃園校區),國文,底標,3.0,數學B,底標,3.0,自然,底標,3.0,,,,,,,*1.00,*2.00,*1.00,,,30%,審查資料,--,30%,面試,70分,30%,,,,,,,,,,一、學科能力測驗成績二、學測數學B級分三、學測自然級分四、審查資料,項目：修課紀錄(A)、課程學習成果(B、C、D)、多元表現(F、G、J、L、N)、學習歷程自述(O、Q)、其他(R.其他有利審查的資料) ,一、學測國文、數學B、自然之級分總和　二、學測數學B級分
國立陽明交通大學,資訊工程學系(甲組),國文,均標,--,英文,前標,20,數學A,頂標,10,自然,頂標,20,,,,--,*1.00,*1.20,*1.00,,40%,審查資料,--,40%,團體面談(含考試),--,10%,,,,,,,,,,一、審查資料二、學測數學A級分三、學測自然級分四、學測英文級分,項目：修課紀錄(A)、課程學習成果(B、C、D)、多元表現(J、K、M、N)、學習歷程自述(O、P) ,一、學測國文、英文、數學A、自然之級分總和　二、學測數學A級分　三、學測自然級分　四、學測英文級分
大葉大學,資訊工程學系(資訊工程組),國文,--,3.0,數學A,底標,5.0,,,,,,,,,,*1.00,*1.00,,,,10%,審查資料,--,10%,面試,60分,50%,,,,,,,,,,一、指定項目甄試成績二、面試三、審查資料四、學測國數A級分總和,項目：修課紀錄(A)、課程學習成果(B)、多元表現(F、N)、學習歷程自述(P、Q) ,一、學測國文、數學A之級分總和　二、學測數學A級分　三、學測國文級分
大葉大學,資訊工程學系(資訊應用組),國文,--,3.5,英文,底標,5.0,,,,,,,,,,*1.00,*1.00,,,,10%,審查資料,--,10%,面試,60分,50%,,,,,,,,,,一、指定項目甄試成績二、面試三、審查資料四、學測國英級分總和,項目：修課紀錄(A)、課程學習成果(B)、多元表現(F、N)、學習歷程自述(P、Q) ,一、學測國文、英文之級分總和　二、學測英文級分　三、學測國文級分
東海大學,資訊工程學系(資電工程組),英文,--,--,數學A,後標,--,自然,--,--,英數A自,--,3,,,,*1.50,*2.00,*1.00,--,,50%,審查資料,--,50%,面試,--,20%,,,,,,,,,,一、學測數學A級分二、學測英文級分三、學測自然級分,項目：修課紀錄(A)、課程學習成果(B)、多元表現(F、J、L、M、N)、學習歷程自述(P、Q) ,一、學測英文、數學A、自然之級分總和　二、學測數學A級分　三、學測英文級分　四、學測自然級分
東海大學,資訊工程學系(資電工程組APCS組),英文,--,--,數學A,後標,--,自然,--,--,英數A自,--,5,,,,*1.50,*2.00,*1.00,--,,50%,審查資料,--,50%,面試,--,20%,,,,,,,,,,程式設計觀念題程式設計實作題,項目：修課紀錄(A)、課程學習成果(B)、多元表現(F、J、L、M、N)、學習歷程自述(P、Q) ,一、學測英文、數學A、自然之級分總和　二、學測數學A級分　三、學測英文級分　四、學測自然級分
東海大學,資訊工程學系(軟體工程組),英文,--,--,數學A,--,--,自然,後標,--,英數A自,--,3,,,,*1.50,*2.00,*1.00,--,,50%,審查資料,--,50%,面試,--,20%,,,,,,,,,,一、學測數學A級分二、學測英文級分三、學測自然級分,項目：修課紀錄(A)、課程學習成果(B)、多元表現(F、J、L、M、N)、學習歷程自述(P、Q) ,一、學測英文、數學A、自然之級分總和　二、學測數學A級分　三、學測英文級分　四、學測自然級分
東海大學,資訊工程學系(軟體工程組APCS組),英文,--,--,數學A,--,--,自然,後標,--,英數A自,--,5,,,,*1.50,*2.00,*1.00,--,,50%,審查資料,--,50%,面試,--,20%,,,,,,,,,,程式設計觀念題程式設計實作題,項目：修課紀錄(A)、課程學習成果(B)、多元表現(F、J、L、M、N)、學習歷程自述(P、Q) ,一、學測英文、數學A、自然之級分總和　二、學測數學A級分　三、學測英文級分　四、學測自然級分
國立臺灣海洋大學,資訊工程學系(青年儲蓄帳戶組),英文,均標,--,自然,均標,--,,,,,,,,,,--,--,,,,0%,審查資料,--,0%,面試,--,30%,,,,,,,,,,一、面試,項目：修課紀錄(A)、課程學習成果(B、C、D)、多元表現(G、H、J、L、N)、學習歷程自述(O、P、Q)、其他(R.體驗資歷(體驗學習報告及雙週誌)) ,(無)
國立金門大學,資訊工程學系(願景組),國文,後標,6,英文,--,--,自然,後標,5,,,,,,,*1.50,*1.00,*1.50,,,50%,審查資料,--,50%,,,,,,,,,,,,,一、審查資料二、學測自然級分三、學測英文級分四、學測國文級分,項目：修課紀錄(A)、課程學習成果(B)、多元表現(F、N)、學習歷程自述(Q) ,一、學測國文、英文、自然之級分總和
國立清華大學,資訊工程學系丙組(人工智慧組),英文,前標,6.0,數學A,前標,6.0,自然,前標,6.0,,,,,,,*1.00,*1.00,*1.00,,,40%,審查資料,--,40%,筆試,--,10%,,,,,,,,,,一、審查資料二、學測英數A自級分總和三、筆試四、學測數學A級分,項目：修課紀錄(A)、課程學習成果(B、C、D)、多元表現(F、J、K、M、N)、學習歷程自述(O、P、Q) ,一、學測英文、數學A、自然之級分總和　二、學測數學A級分
逢甲大學,資訊工程學系乙組,國文,--,--,英文,後標,--,數學B,後標,5,國英數B,--,3,,,,*1.00,*1.00,*1.50,--,,40%,審查資料,--,40%,面試,--,25%,,,,,,,,,,一、學測國英數B級分總和二、學測數學B級分三、學測英文級分四、學測國文級分,項目：修課紀錄(A)、課程學習成果(B、C、D)、多元表現(F、J、L、M、N)、學習歷程自述(O、P)、其他(R.運用網路資源學習經驗、S.程式設計相關活動) ,一、學測國文、英文、數學B之級分總和　二、學測數學B級分　三、學測英文級分　四、學測國文級分
國立清華大學,資訊工程學系乙組(資訊工程組),國文,均標,--,英文,前標,3,數學A,前標,3,自然,前標,10,,,,--,*1.00,*1.00,*1.00,,40%,審查資料,--,40%,筆試,--,10%,,,,,,,,,,一、審查資料二、學測國英數A自級分總和三、筆試四、學測數學A級分,項目：修課紀錄(A)、課程學習成果(B、C、D)、多元表現(F、J、K、M、N)、學習歷程自述(O、P、Q) ,一、學測國文、英文、數學A、自然之級分總和
真理大學,資訊工程學系人工智慧應用組,國文,底標,5.5,英文,--,--,數學B,底標,5.5,,,,,,,*1.00,*1.00,*1.00,,,10%,審查資料,--,10%,面試,--,50%,,,,,,,,,,一、指定項目甄試成績二、學測國文級分三、學測數學B級分,項目：修課紀錄(A)、課程學習成果(B、C)、多元表現(F、I、K、M、N)、學習歷程自述(O、P、Q) ,一、學測國文、英文、數學B之級分總和
中華大學,資訊工程學系人工智慧組,數學A,底標,3.0,,,,,,,,,,,,,--,,,,,0%,審查資料,--,0%,面試,--,55%,,,,,,,,,,一、學測級分二、學測數學A級分,項目：修課紀錄(A)、課程學習成果(B、C、D)、多元表現(G、H、K、M、N)、學習歷程自述(O、P、Q)、其他(R.參與資訊領域相關活動) ,一、學測數學A級分
南華大學,資訊工程學系人工智慧組,數學A,底標,--,數學B,底標,--,自然,--,--,國英自,--,3,,,,--,--,*1.00,--,,20%,審查資料,--,20%,面試,--,40%,,,,,,,,,,一、面試二、審查資料,項目：修課紀錄(A)、課程學習成果(B、C)、多元表現(F、G、J、M、N)、學習歷程自述(O、P、Q)、其他(R.其他有利審查資料) ,一、學測國文、英文、自然之級分總和
亞洲大學,資訊工程學系人工智慧組,國文,底標,3,英文,底標,--,數學B,底標,3,,,,,,,*1.00,*1.00,*1.00,,,40%,審查資料,--,40%,面試,--,30%,,,,,,,,,,一、學測國文級分二、學測英文級分三、學測數學B級分,項目：修課紀錄(A)、課程學習成果(B、C)、多元表現(F、L、N)、學習歷程自述(Q) ,一、學測國文、英文、數學B之級分總和
淡江大學,資訊工程學系全英語學士班,英文,--,3.0,數學B,後標,4.0,,,,,,,,,,*2.00,*1.00,,,,40%,審查資料,--,40%,團體面試,--,30%,,,,,,,,,,一、學測英文級分二、學測數學B級分三、審查資料,項目：修課紀錄(A)、課程學習成果(B)、多元表現(F、L、M、N)、學習歷程自述(P、Q) ,一、學測英文、數學B之級分總和
國立東華大學,資訊工程學系國際組,英文,均標,3.0,數學A,均標,5.0,,,,,,,,,,*2.00,*1.50,,,,50%,審查資料,--,50%,認識本系與邏輯測驗,--,10%,,,,,,,,,,一、學測英文級分二、學測數學A級分三、審查資料四、認識本系與邏輯測驗,項目：修課紀錄(A)、課程學習成果(B、C、D)、多元表現(F、H、J、M、N)、學習歷程自述(O、P、Q) ,一、學測英文、數學A之級分總和　二、學測數學A級分
真理大學,資訊工程學系多媒體與遊戲設計組,國文,底標,5.5,英文,--,--,數學B,--,--,,,,,,,*1.00,*1.00,*1.00,,,10%,審查資料,--,10%,面試,--,50%,,,,,,,,,,一、指定項目甄試成績二、學測國文級分三、學測數學B級分,項目：修課紀錄(A)、課程學習成果(B、C)、多元表現(F、I、K、M、N)、學習歷程自述(O、P、Q) ,一、學測國文、英文、數學B之級分總和
真理大學,資訊工程學系大數據應用組,國文,--,--,英文,--,--,數學B,底標,5.5,,,,,,,*1.00,*1.00,*1.00,,,10%,審查資料,--,10%,面試,--,50%,,,,,,,,,,一、指定項目甄試成績二、學測數學B級分三、學測國文級分,項目：修課紀錄(A)、課程學習成果(B、C)、多元表現(F、I、K、M、N)、學習歷程自述(O、P、Q) ,一、學測國文、英文、數學B之級分總和
亞洲大學,資訊工程學系數位內容與遊戲設計組,國文,底標,3,數學B,底標,--,,,,,,,,,,*1.00,*1.00,,,,40%,審查資料,--,40%,面試,--,30%,,,,,,,,,,一、學測國文級分二、學測數學B級分,項目：修課紀錄(A)、課程學習成果(B、C)、多元表現(F、L、N)、學習歷程自述(Q) ,一、學測國文、數學B之級分總和
中華大學,資訊工程學系智慧軟體設計組,數學A,底標,3.0,,,,,,,,,,,,,--,,,,,0%,審查資料,--,0%,面試,--,55%,,,,,,,,,,一、學測級分二、學測數學A級分,項目：修課紀錄(A)、課程學習成果(B、C、D)、多元表現(G、H、K、M、N)、學習歷程自述(O、P、Q)、其他(R.參與資訊領域相關活動) ,一、學測數學A級分
亞洲大學,資訊工程學系智慧電子組,英文,底標,--,數學B,底標,3,,,,,,,,,,*1.00,*1.00,,,,40%,審查資料,--,40%,面試,--,30%,,,,,,,,,,一、學測英文級分二、學測數學B級分,項目：修課紀錄(A)、課程學習成果(B、C)、多元表現(F、L、N)、學習歷程自述(Q) ,一、學測英文、數學B之級分總和
南華大學,資訊工程學系生醫資電組,數學A,底標,--,數學B,底標,--,自然,--,5,,,,,,,--,--,*1.00,,,20%,審查資料,--,20%,面試,--,40%,,,,,,,,,,一、面試二、審查資料,項目：修課紀錄(A)、課程學習成果(B、C)、多元表現(F、G、J、M、N)、學習歷程自述(O、P、Q)、其他(R.其他有利審查資料) ,一、學測自然之級分總和
逢甲大學,資訊工程學系甲組,國文,--,--,英文,後標,--,數學A,後標,5,國英數A,--,3,,,,*1.00,*1.00,*1.50,--,,40%,審查資料,--,40%,面試,--,25%,,,,,,,,,,一、學測國英數A級分總和二、學測數學A級分三、學測英文級分四、學測國文級分,項目：修課紀錄(A)、課程學習成果(B、C、D)、多元表現(F、J、L、M、N)、學習歷程自述(O、P)、其他(R.運用網路資源學習經驗、S.程式設計相關活動) ,一、學測國文、英文、數學A之級分總和　二、學測數學A級分　三、學測英文級分　四、學測國文級分
國立清華大學,資訊工程學系甲組(電子資訊組),國文,均標,10.0,英文,前標,10.0,數學A,前標,10.0,自然,前標,10.0,,,,*1.00,*1.00,*1.00,*1.00,,40%,審查資料,--,40%,筆試,--,10%,,,,,,,,,,一、審查資料二、學測國英數A自級分總和三、筆試四、學測數學A級分,項目：修課紀錄(A)、課程學習成果(B、C、D)、多元表現(F、J、K、M、N)、學習歷程自述(O、P、Q) ,一、學測國文、英文、數學A、自然之級分總和　二、學測數學A級分
南華大學,資訊工程學系社會組,國文,--,--,數學A,底標,--,數學B,底標,--,社會,--,--,國社,--,3,*1.00,--,--,*1.00,--,20%,審查資料,--,20%,面試,--,40%,,,,,,,,,,一、面試二、審查資料,項目：修課紀錄(A)、課程學習成果(B、C)、多元表現(F、G、J、M、N)、學習歷程自述(O、P、Q)、其他(R.其他有利審查資料) ,一、學測國文、社會之級分總和
真理大學,資訊工程學系科技應用組,國文,--,--,英文,底標,5.5,數學B,--,--,,,,,,,*1.00,*1.00,*1.00,,,10%,審查資料,--,10%,面試,--,50%,,,,,,,,,,一、指定項目甄試成績二、學測數學B級分三、學測國文級分,項目：修課紀錄(A)、課程學習成果(B、C)、多元表現(F、I、K、M、N)、學習歷程自述(O、P、Q) ,一、學測國文、英文、數學B之級分總和
南華大學,資訊工程學系自然組,國文,--,--,數學A,底標,--,數學B,底標,--,自然,--,--,國自,--,3,*1.00,--,--,*1.00,--,20%,審查資料,--,20%,面試,--,40%,,,,,,,,,,一、面試二、審查資料,項目：修課紀錄(A)、課程學習成果(B、C)、多元表現(F、G、J、M、N)、學習歷程自述(O、P、Q)、其他(R.其他有利審查資料) ,一、學測國文、自然之級分總和
國立東華大學,資訊工程學系資工組,英文,--,5.0,數學A,均標,3.0,,,,,,,,,,*1.50,*2.00,,,,50%,審查資料,--,50%,認識本系與邏輯測驗,--,10%,,,,,,,,,,一、學測數學A級分二、學測英文級分三、審查資料四、認識本系與邏輯測驗,項目：修課紀錄(A)、課程學習成果(B、C、D)、多元表現(F、H、J、M、N)、學習歷程自述(O、P、Q) ,一、學測英文、數學A之級分總和　二、學測英文級分
國立東華大學,資訊工程學系資工組(APCS組),英文,--,--,數學A,均標,10,,,,,,,,,,*1.50,*2.00,,,,50%,審查資料,--,50%,認識本系與邏輯測驗,--,10%,,,,,,,,,,程式設計觀念題程式設計實作題,項目：修課紀錄(A)、課程學習成果(B、C、D)、多元表現(F、H、J、M、N)、學習歷程自述(O、P、Q) ,一、學測英文、數學A之級分總和　二、學測英文級分
中華大學,資訊工程學系資訊工程組,數學A,底標,3.0,,,,,,,,,,,,,--,,,,,0%,審查資料,--,0%,面試,--,55%,,,,,,,,,,一、學測級分二、學測數學A級分,項目：修課紀錄(A)、課程學習成果(B、C、D)、多元表現(G、H、K、M、N)、學習歷程自述(O、P、Q)、其他(R.參與資訊領域相關活動) ,一、學測數學A級分
義守大學,資訊工程學系資訊工程組,國文,--,--,英文,--,4,數學A,後標,3,,,,,,,*1.00,*1.00,*1.50,,,30%,審查資料,--,30%,面試,--,30%,,,,,,,,,,一、學測數學A級分二、學測英文級分三、審查資料四、面試,項目：修課紀錄(A)、課程學習成果(B、C)、多元表現(F、N)、學習歷程自述(O、P) ,一、學測國文、英文、數學A之級分總和　二、學測數學A級分　三、學測英文級分　四、學測國文級分
中華大學,資訊工程學系資訊應用組,數學B,底標,3.0,,,,,,,,,,,,,--,,,,,0%,審查資料,--,0%,面試,--,55%,,,,,,,,,,一、學測級分二、學測數學B級分,項目：修課紀錄(A)、課程學習成果(B、C、E)、多元表現(G、H、K、M、N)、學習歷程自述(O、P、Q)、其他(R.參與資訊領域相關活動) ,一、學測數學B級分
義守大學,資訊工程學系資訊應用組,國文,--,--,英文,--,4,數學B,後標,3,,,,,,,*1.00,*1.00,*1.50,,,30%,審查資料,--,30%,面試,--,30%,,,,,,,,,,一、學測數學B級分二、學測英文級分三、審查資料四、面試,項目：修課紀錄(A)、課程學習成果(B、C)、多元表現(F、N)、學習歷程自述(O、P) ,一、學測國文、英文、數學B之級分總和　二、學測數學B級分　三、學測英文級分　四、學測國文級分
國立成功大學,資訊工程學系（APCS組）,國文,--,--,英文,均標,--,數學A,前標,5,自然,--,--,,,,*1.00,*1.00,*1.00,*1.00,,30%,審查資料,--,30%,面試,--,40%,,,,,,,,,,程式設計觀念題程式設計實作題,項目：修課紀錄(A)、課程學習成果(B、D)、多元表現(F、J、L、M、N) ,一、學測國文、英文、數學A、自然之級分總和
國立中央大學,資訊工程學系（APCS組）,國文,前標,--,英文,前標,9,數學A,前標,5,自然,前標,7,國英數A自,--,8.5,--,*1.00,*1.50,*1.00,--,30%,審查資料,--,30%,筆試,--,40%,,,,,,,,,,程式設計觀念題程式設計實作題,項目：修課紀錄(A)、課程學習成果(B、C、D)、多元表現(F、I、J、M、N)、學習歷程自述(O、P、Q) ,一、學測國文、英文、數學A、自然之級分總和
靜宜大學,資訊工程學系（APCS組）,英文,--,--,數學B,後標,--,英數B,--,30,,,,,,,*1.00,*2.00,--,,,20%,審查資料,60分,20%,面試,60分,40%,,,,,,,,,,程式設計觀念題程式設計實作題,項目：修課紀錄(A)、多元表現(F、G、I、M、N)、學習歷程自述(O、P)、其他(R.其他有利審查資料) ,一、學測英文、數學B之級分總和　二、學測數學B級分　三、學測英文級分
佛光大學,資訊應用學系(動畫與數位內容組),社會,底標,--,國社,--,3,,,,,,,,,,--,--,,,,0%,審查資料,--,0%,面試,--,50%,,,,,,,,,,一、面試二、審查資料,項目：修課紀錄(A)、課程學習成果(B)、多元表現(F、K、N)、學習歷程自述(P) ,一、學測國文、社會之級分總和
佛光大學,資訊應用學系(數位遊戲開發組),國文,底標,3.0,,,,,,,,,,,,,--,,,,,0%,審查資料,--,0%,面試,--,50%,,,,,,,,,,一、面試二、審查資料,項目：修課紀錄(A)、課程學習成果(B)、多元表現(F、K、N)、學習歷程自述(P) ,一、學測國文級分
佛光大學,資訊應用學系(資訊系統與智慧應用組),國文,底標,--,國社,--,3,,,,,,,,,,--,--,,,,0%,審查資料,--,0%,面試,--,50%,,,,,,,,,,一、面試二、審查資料,項目：修課紀錄(A)、課程學習成果(B)、多元表現(F、K、N)、學習歷程自述(P) ,一、學測國文、社會之級分總和
長榮大學,資訊暨設計學院學士班(APCS組),國文,--,--,英文,--,--,數學B,底標,30,,,,,,,*1.00,*1.00,*1.00,,,10%,審查資料,--,10%,面試,--,50%,,,,,,,,,,程式設計觀念題程式設計實作題,項目：修課紀錄(A)、多元表現(F、N)、學習歷程自述(P)、其他(R.APCS成績證明、S.其他有利審查之資料) ,一、學測國文、英文、數學B之級分總和　二、學測國文級分
長榮大學,資訊暨設計學院學士班(不分系),國文,底標,--,數學B,--,5,,,,,,,,,,*1.00,*1.00,,,,10%,審查資料,--,10%,面試,--,50%,,,,,,,,,,一、面試二、審查資料三、學測國文級分四、學測數學B級分,項目：修課紀錄(A)、課程學習成果(B、C)、多元表現(F、I、K、N)、學習歷程自述(O、P、Q)、其他(R.個人獨特經歷或想法、S.其他有利審查之資料) ,一、學測國文、數學B之級分總和　二、學測國文級分
長榮大學,資訊暨設計學院學士班互動設計組,國文,底標,3,數學B,--,--,,,,,,,,,,*1.00,*1.00,,,,10%,審查資料,--,10%,面試,--,50%,,,,,,,,,,一、面試二、審查資料三、學測國數B級分總和四、學測國文級分,項目：修課紀錄(A)、課程學習成果(B、C)、多元表現(F、J、K、M、N)、學習歷程自述(O、P、Q)、其他(R.其他有利審查之資料) ,一、學測國文、數學B之級分總和　二、學測數學B級分
長榮大學,資訊暨設計學院學士班數位媒體設計組,國文,--,3,數學B,--,--,社會,底標,--,,,,,,,*1.00,*1.00,*1.00,,,10%,審查資料,--,10%,面試,--,50%,,,,,,,,,,一、面試二、學測國文級分三、學測社會級分四、審查資料,項目：修課紀錄(A)、課程學習成果(B、C)、多元表現(F、J、K、M、N)、學習歷程自述(O、P、Q)、其他(R.其他有利審查之資料) ,一、學測國文、數學B、社會之級分總和　二、學測社會級分
長榮大學,資訊暨設計學院學士班資訊工程組,國文,--,3,英文,底標,--,數學B,--,--,,,,,,,*1.00,*1.00,*1.00,,,10%,審查資料,--,10%,面試,--,50%,,,,,,,,,,一、學測國文級分二、面試三、學測英文級分四、審查資料,項目：修課紀錄(A)、課程學習成果(B、C、D)、多元表現(F、G、M、N)、學習歷程自述(O、P、Q)、其他(R.其他有利審查之資料) ,一、學測國文、英文、數學B之級分總和　二、學測英文級分
長榮大學,資訊暨設計學院學士班資訊管理組,國文,底標,--,英文,--,3,數學B,--,--,,,,,,,*1.00,*1.00,*1.00,,,10%,審查資料,--,10%,面試,--,50%,,,,,,,,,,一、面試二、審查資料三、學測國文級分四、學測數學B級分,項目：修課紀錄(A)、課程學習成果(B、C)、多元表現(F、G、M、N)、學習歷程自述(O、P、Q)、其他(R.個人獨特之經歷或想法、S.其他有利於審查之資料) ,一、學測國文、英文、數學B之級分總和　二、學測國文級分
實踐大學,資訊模擬與設計學系AR/VR體感科技組(高雄校區),自然,底標,4.0,,,,,,,,,,,,,--,,,,,0%,審查資料,--,0%,面試,--,50%,,,,,,,,,,一、面試,項目：修課紀錄(A)、課程學習成果(B、C)、多元表現(G、H、K、M、N)、學習歷程自述(P、Q) ,一、學測自然級分
實踐大學,資訊模擬與設計學系互動遊戲設計組(高雄校區),國文,底標,4.0,,,,,,,,,,,,,--,,,,,0%,審查資料,--,0%,面試,--,50%,,,,,,,,,,一、面試,項目：修課紀錄(A)、課程學習成果(B、C)、多元表現(G、H、K、M、N)、學習歷程自述(P、Q) ,一、學測國文級分
實踐大學,資訊模擬與設計學系數位3D動畫設計組(高雄校區),社會,底標,8.0,,,,,,,,,,,,,--,,,,,0%,審查資料,--,0%,面試,--,50%,,,,,,,,,,一、審查資料,項目：修課紀錄(A)、課程學習成果(B、C)、多元表現(G、H、K、M、N)、學習歷程自述(P、Q) ,一、學測社會級分
實踐大學,資訊模擬與設計學系遊戲美術設計組(高雄校區),國文,--,15.0,,,,,,,,,,,,,--,,,,,0%,審查資料,--,0%,面試,--,50%,,,,,,,,,,--,項目：修課紀錄(A)、課程學習成果(B、C)、多元表現(F、J、K、M、N)、學習歷程自述(P、Q) ,一、學測國文級分
國立政治大學,資訊科學系,英文,均標,--,數學A,前標,3,自然,均標,--,國英數A自,--,4,,,,*1.00,*2.00,*1.00,--,,40%,審查資料,--,40%,筆試,--,30%,,,,,,,,,,一、學科能力測驗成績二、學測數學A級分三、學測英文級分四、筆試,項目：修課紀錄(A)、課程學習成果(B、D)、多元表現(F、K、L、M、N)、學習歷程自述(O、P)、其他(R.備審基本資料表) ,一、學測國文、英文、數學A、自然之級分總和　二、學測英文級分　三、學測自然級分　四、學測國文級分
國立臺北教育大學,資訊科學系,國文,均標,--,英文,均標,--,數學A,均標,3,自然,均標,5,,,,*1.00,*1.00,*1.50,*1.50,,50%,審查資料,--,50%,筆試(電腦概論),--,25%,,,,,,,,,,一、筆試(電腦概論)二、審查資料三、學科能力測驗成績四、學測數學A級分,項目：修課紀錄(A)、課程學習成果(B、C)、多元表現(F、J、K、L、N)、學習歷程自述(O、P、Q)、其他(R.溝通互動能力證明) ,一、學測國文、英文、數學A、自然之級分總和
臺北市立大學,資訊科學系,國文,均標,--,英文,均標,--,數學A,均標,3,國英數A,--,5,,,,*1.00,*2.00,*2.00,--,,50%,審查資料,60分,50%,,,,,,,,,,,,,一、學科能力測驗成績二、指定項目甄試成績三、學測數學A級分四、學測英文級分,項目：修課紀錄(A)、課程學習成果(B、C)、多元表現(F、G、H、J、N)、學習歷程自述(P、Q)、其他(R.學習程式設計之經驗) ,一、學測國文、英文、數學A之級分總和　二、學測英文級分　三、學測國文級分
國立政治大學,資訊科學系(APCS組),英文,均標,--,數學A,前標,3,自然,均標,--,,,,,,,--,*1.50,*1.00,,,30%,審查資料,--,30%,筆試,--,35%,,,,,,,,,,程式設計觀念題程式設計實作題,項目：修課紀錄(A)、課程學習成果(B、D)、多元表現(F、K、L、M、N)、學習歷程自述(O、P)、其他(R.備審基本資料表) ,一、學測英文、數學A、自然之級分總和　二、學測英文級分　三、學測自然級分
臺北市立大學,資訊科學系(APCS組),國文,均標,--,英文,均標,--,數學A,均標,5,國英數A,--,6,,,,*1.00,*2.00,*2.00,--,,50%,審查資料,60分,50%,,,,,,,,,,,,,程式設計觀念題程式設計實作題,項目：修課紀錄(A)、課程學習成果(B、C)、多元表現(F、G、H、J、N)、學習歷程自述(P、Q)、其他(R.學習程式設計之經驗) ,一、學測國文、英文、數學A之級分總和　二、學測數學A級分　三、學測英文級分　四、學測國文級分
國立政治大學,資訊科學系(人工智慧組),英文,均標,--,數學A,前標,3,國英數A自,--,4,,,,,,,*1.00,*2.00,--,,,40%,審查資料,--,40%,筆試,--,30%,,,,,,,,,,一、學科能力測驗成績二、學測數學A級分三、學測英文級分四、筆試,項目：修課紀錄(A)、課程學習成果(B、D)、多元表現(F、K、L、M、N)、學習歷程自述(O、P)、其他(R.備審基本資料表) ,一、學測國文、英文、數學A、自然之級分總和　二、學測英文級分　三、學測國文級分
國立政治大學,資訊科學系(青年儲蓄帳戶組),英文,均標,--,,,,,,,,,,,,,--,,,,,0%,審查資料,--,0%,筆試,--,25%,,,,,,,,,,一、筆試二、審查資料,項目：修課紀錄(A)、課程學習成果(B、D)、多元表現(F、K、L、M、N)、學習歷程自述(O、P)、其他(R.備審基本資料表、S.體驗資歷（體驗學習報告及雙週誌）) ,(無)
銘傳大學,資訊科技應用與管理學士學位學程（全英語授課．桃園校區）,國文,底標,8.0,英文,底標,3.0,,,,,,,,,,*1.50,*2.00,,,,40%,審查資料,--,40%,面試,70分,30%,,,,,,,,,,一、學測英文級分二、學測國文級分三、審查資料,項目：修課紀錄(A)、課程學習成果(B、D)、多元表現(G、H、L、M、N)、學習歷程自述(O、P、Q) ,一、學測國文、英文之級分總和　二、學測英文級分
實踐大學,資訊科技與管理學系(臺北校區),國文,--,5.0,英文,底標,3.0,社會,--,7.0,,,,,,,*2.00,*2.00,*1.00,,,20%,審查資料,--,20%,面試,--,45%,,,,,,,,,,一、學測國英社級分總和二、學測英文級分三、學測國文級分四、學測社會級分,項目：修課紀錄(A)、課程學習成果(B、C、D、E)、多元表現(F、G、H、I、N)、學習歷程自述(P、Q) ,一、學測國文、英文、社會之級分總和　二、學測國文級分　三、學測社會級分
實踐大學,資訊科技與管理學系APCS組(臺北校區),國文,--,--,英文,底標,--,國英,--,16.5,,,,,,,*1.75,*2.00,--,,,20%,審查資料,--,20%,面試,--,45%,,,,,,,,,,程式設計觀念題程式設計實作題,項目：修課紀錄(A)、課程學習成果(B、C、D、E)、多元表現(F、J、K、L、N)、學習歷程自述(O)、其他(R.其他有利於審查之資料) ,一、學測國文、英文之級分總和　二、學測英文級分
實踐大學,資訊科技與通訊學系App設計組(高雄校區),自然,底標,3.5,,,,,,,,,,,,,--,,,,,0%,審查資料,--,0%,面試,--,50%,,,,,,,,,,一、面試,項目：修課紀錄(A)、課程學習成果(B)、多元表現(G、H、K、M、N)、學習歷程自述(P、Q) ,一、學測自然級分
實踐大學,資訊科技與通訊學系人工智慧應用設計組(高雄校區),數學B,底標,--,國數B,--,3,,,,,,,,,,--,--,,,,0%,審查資料,--,0%,面試,--,50%,,,,,,,,,,一、面試,項目：修課紀錄(A)、課程學習成果(B)、多元表現(G、H、I、K、N)、學習歷程自述(P、Q) ,一、學測國文、數學B之級分總和
實踐大學,資訊科技與通訊學系智慧機器人組(高雄校區),數學B,底標,3.5,,,,,,,,,,,,,--,,,,,0%,審查資料,--,0%,面試,--,50%,,,,,,,,,,一、面試,項目：修課紀錄(A)、課程學習成果(B)、多元表現(G、H、K、M、N)、學習歷程自述(P、Q) ,一、學測數學B級分
實踐大學,資訊科技與通訊學系無人機應用設計組(高雄校區),自然,底標,--,國自,--,3.5,,,,,,,,,,--,--,,,,0%,審查資料,--,0%,面試,--,50%,,,,,,,,,,一、面試,項目：修課紀錄(A)、課程學習成果(B)、多元表現(G、H、I、K、N)、學習歷程自述(P、Q) ,一、學測國文、自然之級分總和
國立臺灣大學,資訊管理學系,國文,--,--,英文,頂標,3,數學A,頂標,3,自然,--,--,國英數A自,--,5,*1.00,*1.00,*1.00,*1.00,--,40%,審查資料,70分,40%,口試,--,30%,,,,,,,,,,一、學科能力測驗成績二、口試三、審查資料,項目：修課紀錄(A)、課程學習成果(B)、多元表現(F、J、M、N)、學習歷程自述(O、P、Q)、其他(R.本系個人資料表、S.自傳(學生自述)、T.有利審查資料之證明) ,一、學測國文、英文、數學A、自然之級分總和　二、學測數學A級分　三、學測英文級分
國立中興大學,資訊管理學系,國文,均標,10.0,英文,前標,10.0,數學A,前標,3.0,自然,均標,10.0,,,,*1.00,*2.00,*2.00,*1.00,,50%,審查資料,--,50%,,,,,,,,,,,,,一、學科能力測驗成績二、審查資料三、學測國英數A自級分總和四、學測數學A級分,項目：修課紀錄(A)、課程學習成果(B、C)、多元表現(G、J、L、M、N)、學習歷程自述(P、Q) ,一、學測國文、英文、數學A、自然之級分總和　二、學測英文級分
東吳大學,資訊管理學系,國文,--,--,英文,均標,5,數學B,均標,3,,,,,,,*1.00,*2.00,*2.00,,,50%,審查資料,--,50%,面試,--,25%,,,,,,,,,,一、面試二、學測數學B級分三、學測英文級分四、學科能力測驗成績,項目：修課紀錄(A)、課程學習成果(B、C)、多元表現(F、M、N)、學習歷程自述(P、Q)、其他(R.其他有利審查項目) ,一、學測國文、英文、數學B之級分總和
國立政治大學,資訊管理學系,國文,前標,5.0,英文,前標,4.0,數學A,前標,3.0,,,,,,,*1.00,*1.50,*1.50,,,40%,審查資料,--,40%,面試,--,35%,,,,,,,,,,一、面試二、學科能力測驗成績三、審查資料四、學測數學A級分,項目：修課紀錄(A)、課程學習成果(B、C)、多元表現(F、L、M、N)、學習歷程自述(O、P、Q) ,一、學測國文、英文、數學A之級分總和　二、學測英文級分　三、學測國文級分
中原大學,資訊管理學系,國文,--,3,英文,--,--,數學A,底標,--,數學B,後標,--,,,,*1.00,*1.00,--,--,,30%,審查資料,--,30%,面試,60分,30%,,,,,,,,,,一、學科能力測驗成績二、學測國文級分三、面試四、審查資料,項目：修課紀錄(A)、課程學習成果(B、C、D、E)、多元表現(F、G、H、J、N)、學習歷程自述(O、P、Q) ,一、學測國文、英文之級分總和　二、學測英文級分
淡江大學,資訊管理學系,國文,--,3.0,英文,--,3.0,數學B,後標,3.0,,,,,,,*1.00,*1.50,*2.00,,,40%,審查資料,--,40%,面試,--,30%,,,,,,,,,,一、學測數學B級分二、學測英文級分三、學測國文級分四、面試,項目：修課紀錄(A)、課程學習成果(B、C、D、E)、多元表現(G、I、J、L、N)、學習歷程自述(O、P、Q) ,一、學測國文、英文、數學B之級分總和　二、學測數學B級分　三、學測英文級分　四、學測國文級分
國立中央大學,資訊管理學系,國文,均標,--,英文,--,3,數學A,均標,8,自然,--,4,,,,--,*1.50,*1.50,*1.00,,30%,審查資料,--,30%,,,,,,,,,,,,,一、學測數學A級分二、學測英文級分三、學測自然級分,項目：修課紀錄(A)、課程學習成果(B、C)、多元表現(F、G、J、L、N)、學習歷程自述(O、P、Q)、其他(R.個人資料表) ,一、學測國文、英文、數學A、自然之級分總和
靜宜大學,資訊管理學系,國文,--,3.0,英文,底標,3.0,,,,,,,,,,*1.00,*1.00,,,,40%,審查資料,60分,40%,面試,60分,30%,,,,,,,,,,一、審查資料二、面試三、學測國英級分總和,項目：修課紀錄(A)、多元表現(F、N)、學習歷程自述(P)、其他(R.其他有利審查資料) ,一、學測國文、英文之級分總和　二、學測英文級分　三、學測國文級分
輔仁大學,資訊管理學系,國文,--,3.0,英文,均標,5.0,數學B,均標,5.0,,,,,,,*1.00,*1.00,*1.00,,,50%,審查資料,--,50%,面試,--,30%,,,,,,,,,,一、面試二、審查資料三、學測數學B級分四、學測英文級分,項目：修課紀錄(A)、多元表現(F、N)、其他(R.個人資料表) ,一、學測國文、英文、數學B之級分總和　二、學測數學B級分　三、學測英文級分　四、學測國文級分
國立中山大學,資訊管理學系,國文,--,3.0,英文,均標,3.0,數學A,均標,3.0,,,,,,,*1.00,*1.50,*2.00,,,40%,審查資料,--,40%,面試,--,30%,,,,,,,,,,一、審查資料二、面試三、學科能力測驗成績四、學測數學A級分,項目：修課紀錄(A)、課程學習成果(B)、多元表現(F、G、M、N)、學習歷程自述(O、P、Q) ,一、學測國文、英文、數學A之級分總和　二、學測數學A級分　三、學測英文級分
國立屏東大學,資訊管理學系,國文,均標,16.0,英文,後標,10.0,數學B,後標,12.0,,,,,,,*1.00,*2.00,*2.00,,,50%,審查資料,--,50%,,,,,,,,,,,,,一、學測數學B級分二、學測英文級分三、學測國文級分四、審查資料,項目：修課紀錄(A)、課程學習成果(B、C)、多元表現(F、J、K、M、N) ,一、學測國文、英文、數學B之級分總和　二、學測數學B級分　三、學測英文級分　四、學測國文級分
國立臺東大學,資訊管理學系,國文,--,--,英文,後標,--,數學B,--,--,國英數B,--,3,,,,*1.50,*2.00,*2.00,--,,30%,審查資料,--,30%,面試,--,35%,,,,,,,,,,一、面試二、學測英文級分三、學測數學B級分四、學測國文級分,項目：修課紀錄(A)、課程學習成果(B、C、D、E)、多元表現(F、I、L、M、N)、學習歷程自述(P) ,一、學測國文、英文、數學B之級分總和　二、學測英文級分　三、學測數學B級分　四、學測國文級分
元智大學,資訊管理學系,國文,--,3.0,英文,後標,3.0,數學B,--,3.0,,,,,,,*1.00,*1.50,*1.50,,,50%,審查資料,--,50%,面試,--,30%,,,,,,,,,,一、面試二、審查資料三、學測國英數B級分總和,項目：修課紀錄(A)、課程學習成果(B、C)、多元表現(G、H、M、N)、學習歷程自述(O、Q) ,一、學測國文、英文、數學B之級分總和　二、學測英文級分
國立中正大學,資訊管理學系,國文,均標,--,英文,前標,--,數學A,均標,10,英數A,--,3,,,,*1.00,*1.00,*1.00,--,,50%,審查資料,--,50%,,,,,,,,,,,,,一、學測國英數A級分總和二、學測數學A級分三、學測英文級分四、審查資料,項目：修課紀錄(A)、課程學習成果(B)、多元表現(F、H、J、L、N)、學習歷程自述(O、P、Q)、其他(R.其他有利審查資料) ,一、學測國文、英文、數學A之級分總和
義守大學,資訊管理學系,國文,後標,3,英文,--,--,,,,,,,,,,*1.00,*1.00,,,,30%,審查資料,--,30%,面試,--,40%,,,,,,,,,,一、面試二、審查資料三、學測國文級分四、學測英文級分,項目：修課紀錄(A)、課程學習成果(B)、多元表現(F、N)、學習歷程自述(O、P) ,一、學測國文、英文之級分總和　二、學測國文級分　三、學測英文級分
國立暨南國際大學,資訊管理學系,英文,均標,6.0,數學B,均標,3.0,,,,,,,,,,*1.00,*1.00,,,,40%,審查資料,--,40%,面試,--,30%,,,,,,,,,,一、面試二、學科能力測驗成績三、審查資料,項目：修課紀錄(A)、課程學習成果(B、C、D、E)、多元表現(F、H、I、M、N)、學習歷程自述(O、P、Q) ,一、學測英文、數學B之級分總和
南華大學,資訊管理學系,國文,底標,--,社會,--,--,國社,--,3,,,,,,,*2.00,*1.00,--,,,20%,審查資料,--,20%,面試,--,45%,,,,,,,,,,一、面試二、審查資料,項目：修課紀錄(A)、課程學習成果(B、C、E)、多元表現(F、M、N)、學習歷程自述(O、Q)、其他(R.其他有利審查資料) ,一、學測國文、社會之級分總和
國立嘉義大學,資訊管理學系,國文,--,8.0,英文,--,3.0,數學B,均標,5.0,,,,,,,*1.00,*1.50,*2.00,,,40%,審查資料,--,40%,團體面談及認識本系,80分,20%,,,,,,,,,,一、學測英文級分二、學測數學B級分三、審查資料四、學測國文級分,項目：修課紀錄(A)、課程學習成果(B、C)、多元表現(F、G、J、K、N)、學習歷程自述(O、P、Q) ,一、學測國文、英文、數學B之級分總和　二、學測英文級分　三、學測數學B級分　四、學測國文級分
國立高雄大學,資訊管理學系,國文,均標,3.0,英文,均標,3.0,數學B,均標,3.0,,,,,,,*1.00,*1.50,*1.50,,,40%,審查資料,--,40%,面試,--,35%,,,,,,,,,,一、面試二、學測英文級分三、學測數學B級分四、學測國文級分,項目：修課紀錄(A)、課程學習成果(B、C)、多元表現(F、N)、學習歷程自述(O、P、Q) ,一、學測國文、英文、數學B之級分總和　二、學測英文級分　三、學測數學B級分　四、學測國文級分
開南大學,資訊管理學系,國文,底標,3.0,,,,,,,,,,,,,--,,,,,0%,審查資料,--,0%,面試,--,50%,,,,,,,,,,一、面試二、審查資料,項目：修課紀錄(A)、課程學習成果(B)、多元表現(F、G、H、L、N)、學習歷程自述(P) ,一、學測國文級分
國立聯合大學,資訊管理學系,國文,均標,--,英文,--,--,數學B,--,--,國英數B,--,3,,,,*2.00,*1.75,*2.00,--,,40%,審查資料,--,40%,面試,60分,30%,,,,,,,,,,一、面試二、審查資料三、學科能力測驗成績四、學測數學B級分,項目：修課紀錄(A)、多元表現(F、N)、學習歷程自述(O、P、Q)、其他(R.其他有利審查資料) ,一、學測國文、英文、數學B之級分總和
淡江大學,資訊管理學系(APCS組),國文,--,--,英文,--,--,數學B,後標,20,,,,,,,*1.00,*1.50,*2.00,,,40%,審查資料,--,40%,面試,--,30%,,,,,,,,,,程式設計觀念題程式設計實作題,項目：修課紀錄(A)、課程學習成果(B、C、D、E)、多元表現(G、I、J、L、N)、學習歷程自述(O、P、Q) ,一、學測國文、英文、數學B之級分總和
輔仁大學,資訊管理學系(APCS組),國文,--,3.0,英文,後標,4.0,數學B,後標,4.0,,,,,,,*1.00,*1.00,*1.00,,,50%,審查資料,--,50%,面試,--,30%,,,,,,,,,,程式設計觀念題程式設計實作題,項目：修課紀錄(A)、多元表現(F、N)、其他(R.個人資料表) ,一、學測國文、英文、數學B之級分總和　二、學測數學B級分　三、學測英文級分　四、學測國文級分
國立聯合大學,資訊管理學系(APCS組),國文,後標,--,英文,--,--,數學B,--,--,國英數B,--,10,,,,*2.00,*1.75,*2.00,--,,30%,審查資料,--,30%,面試,60分,40%,,,,,,,,,,程式設計觀念題程式設計實作題,項目：修課紀錄(A)、多元表現(F、I、J、M、N)、學習歷程自述(O、P、Q)、其他(R.其他有利審查資料) ,一、學測國文、英文、數學B之級分總和
大葉大學,資訊管理學系(數位經營組),國文,底標,3.5,英文,--,3.5,,,,,,,,,,*2.00,*2.00,,,,10%,審查資料,--,10%,面試,--,50%,,,,,,,,,,一、面試二、審查資料三、學測英文級分四、學測國文級分,項目：修課紀錄(A)、課程學習成果(B)、多元表現(F、N)、學習歷程自述(P)、其他(R.有利於學生之相關資料) ,一、學測國文、英文之級分總和　二、學測英文級分　三、學測國文級分
東海大學,資訊管理學系(數位行銷與電子商務應用組),國文,--,--,英文,後標,3,數學B,均標,6,,,,,,,*1.00,*2.00,*1.75,,,50%,審查資料,--,50%,面試,--,20%,,,,,,,,,,一、學科能力測驗成績二、面試三、審查資料,項目：修課紀錄(A)、課程學習成果(B、C、D、E)、多元表現(F、G、I、M、N)、學習歷程自述(P、Q) ,一、學測國文、英文、數學B之級分總和　二、學測英文級分　三、學測數學B級分　四、學測國文級分
中國文化大學,資訊管理學系(智慧商務科技組),英文,--,3,數學B,--,--,社會,底標,--,英數B,--,5,,,,*2.00,*1.50,*1.00,--,,35%,審查資料,--,35%,面試,--,35%,,,,,,,,,,一、學測英數B社級分總和二、學測英文級分三、學測數學B級分四、面試,項目：修課紀錄(A)、課程學習成果(B、C)、多元表現(F、G、M、N)、學習歷程自述(P) ,一、學測英文、數學B、社會之級分總和　二、學測英文級分　三、學測數學B級分
東海大學,資訊管理學系(物聯網與大數據應用組),英文,均標,6.0,數學B,後標,3.0,,,,,,,,,,*2.00,*1.75,,,,50%,審查資料,--,50%,面試,--,20%,,,,,,,,,,一、學科能力測驗成績二、面試三、審查資料,項目：修課紀錄(A)、課程學習成果(B、C、D、E)、多元表現(F、G、I、M、N)、學習歷程自述(P、Q) ,一、學測英文、數學B之級分總和　二、學測數學B級分　三、學測英文級分
大葉大學,資訊管理學系(系統管理組),國文,--,4.5,英文,底標,4.5,,,,,,,,,,*2.00,*2.00,,,,10%,審查資料,--,10%,面試,--,50%,,,,,,,,,,一、面試二、審查資料三、學測英文級分四、學測國文級分,項目：修課紀錄(A)、課程學習成果(B)、多元表現(F、N)、學習歷程自述(P)、其他(R.有利於學生之相關資料) ,一、學測國文、英文之級分總和　二、學測英文級分　三、學測國文級分
中國文化大學,資訊管理學系(雲端服務暨巨量資料組),英文,--,--,數學B,底標,3,社會,--,--,英數B,--,5,,,,*1.50,*2.00,*1.00,--,,35%,審查資料,--,35%,面試,--,35%,,,,,,,,,,一、學測英數B社級分總和二、學測數學B級分三、學測英文級分四、面試,項目：修課紀錄(A)、課程學習成果(B、C)、多元表現(F、G、M、N)、學習歷程自述(P) ,一、學測英文、數學B、社會之級分總和　二、學測數學B級分　三、學測英文級分
國立高雄大學,資訊管理學系(願景組),國文,均標,3.0,英文,均標,3.0,數學B,均標,3.0,,,,,,,*1.00,*1.50,*1.50,,,40%,審查資料,--,40%,面試,--,35%,,,,,,,,,,一、面試二、學測英文級分三、學測數學B級分四、學測國文級分,項目：修課紀錄(A)、課程學習成果(B、C)、多元表現(F、N)、學習歷程自述(O、P、Q) ,一、學測國文、英文、數學B之級分總和　二、學測英文級分　三、學測數學B級分　四、學測國文級分
實踐大學,資訊管理學系人工智慧商務應用組(高雄校區),國文,底標,4.0,,,,,,,,,,,,,--,,,,,0%,審查資料,--,0%,面試,--,50%,,,,,,,,,,一、面試,項目：修課紀錄(A)、課程學習成果(B)、多元表現(F、G、K、M、N)、學習歷程自述(P、Q) ,一、學測國文級分
國立東華大學,資訊管理學系人工智慧與大數據組,國文,均標,6,英文,--,--,數學A,--,--,國英數A,--,3,,,,*1.00,*1.00,*1.50,--,,35%,審查資料,--,35%,面試,--,35%,,,,,,,,,,一、學測國英數A級分總和二、學測數學A級分三、面試四、學測英文級分,項目：修課紀錄(A)、課程學習成果(B、C、D、E)、多元表現(F、G、J、L、N)、學習歷程自述(O、P、Q) ,一、學測國文、英文、數學A之級分總和　二、學測數學A級分　三、學測英文級分
銘傳大學,資訊管理學系巨量資料管理組（桃園校區）,國文,底標,3.0,數學B,底標,3.0,,,,,,,,,,*1.00,*1.00,,,,30%,審查資料,--,30%,面試,70分,40%,,,,,,,,,,一、學測國數B級分總和二、學測數學B級分三、面試四、審查資料,項目：修課紀錄(A)、課程學習成果(B、C)、多元表現(F、J、L、M、N)、學習歷程自述(O、P、Q)、其他(R.其他有利審查資料) ,一、學測國文、數學B之級分總和　二、學測數學B級分
國立彰化師範大學,資訊管理學系數位內容科技與管理組,國文,均標,3.0,英文,均標,6.0,數學A,均標,5.0,國英數A,--,7.0,,,,*1.00,*2.00,*2.00,--,,50%,審查資料,--,50%,面試,--,30%,,,,,,,,,,一、學測英文級分二、學測數學A級分三、學測國文級分四、面試,項目：修課紀錄(A)、課程學習成果(B)、多元表現(F、N)、其他(R.個人資料表) ,一、學測國文、英文、數學A之級分總和　二、學測數學A級分
長庚大學,資訊管理學系數位金融科技組,國文,--,5.0,英文,--,4.0,數學A,均標,3.0,,,,,,,*1.00,*2.00,*2.00,,,50%,審查資料,--,50%,面試,--,25%,,,,,,,,,,一、學測國英數A級分總和二、學測數學A級分三、學測英文級分四、學測國文級分,項目：修課紀錄(A)、課程學習成果(B、C)、多元表現(F、G、I、J、N)、學習歷程自述(O、P、Q)、其他(R.自傳含特質與學習經驗、S.其他有利審查之資料) ,一、學測國文、英文、數學A之級分總和
長庚大學,資訊管理學系數據分析與創新組,國文,--,5,英文,--,3,數學A,均標,--,數學B,均標,--,,,,*1.00,*2.00,--,--,,50%,審查資料,--,50%,面試,--,25%,,,,,,,,,,一、學測國英級分總和二、學測英文級分三、學測國文級分四、審查資料,項目：修課紀錄(A)、課程學習成果(B、C)、多元表現(F、G、I、J、N)、學習歷程自述(O、P、Q)、其他(R.自傳含特質與學習經驗、S.其他有利審查之資料) ,一、學測國文、英文之級分總和
真理大學,資訊管理學系智慧商務組,國文,底標,3.5,英文,--,3.5,社會,底標,3.5,,,,,,,*1.50,*1.00,*1.50,,,10%,審查資料,--,10%,面試,--,45%,,,,,,,,,,一、面試二、審查資料三、學測國文級分四、學測社會級分,項目：修課紀錄(A)、課程學習成果(B)、多元表現(F、N)、學習歷程自述(O、P、Q) ,一、學測國文、英文、社會之級分總和
實踐大學,資訊管理學系智慧商務組(高雄校區),社會,底標,4.0,,,,,,,,,,,,,--,,,,,0%,審查資料,--,0%,面試,--,50%,,,,,,,,,,一、面試,項目：修課紀錄(A)、課程學習成果(B)、多元表現(F、G、K、M、N)、學習歷程自述(P、Q) ,一、學測社會級分
國立東華大學,資訊管理學系智慧商務與知識管理組,國文,均標,6,英文,--,--,數學B,--,--,國英數B,--,4,,,,*1.00,*1.00,*1.50,--,,35%,審查資料,--,35%,面試,--,35%,,,,,,,,,,一、學測國英數B級分總和二、學測數學B級分三、面試四、學測英文級分,項目：修課紀錄(A)、課程學習成果(B、C、D、E)、多元表現(F、G、J、L、N)、學習歷程自述(O、P、Q) ,一、學測國文、英文、數學B之級分總和　二、學測數學B級分　三、學測英文級分
世新大學,資訊管理學系智慧網路應用組,國文,底標,3.0,數學B,後標,6.0,,,,,,,,,,*2.00,*1.75,,,,40%,審查資料,--,40%,面試,--,30%,,,,,,,,,,一、學測數學B級分二、面試三、審查資料,項目：修課紀錄(A)、課程學習成果(B、C)、多元表現(F、N)、學習歷程自述(Q)、其他(R.其他有利審查資料) ,一、學測國文、數學B之級分總和
實踐大學,資訊管理學系物聯網應用組(高雄校區),自然,底標,4.0,,,,,,,,,,,,,--,,,,,0%,審查資料,--,0%,面試,--,50%,,,,,,,,,,一、面試,項目：修課紀錄(A)、課程學習成果(B)、多元表現(F、G、K、M、N)、學習歷程自述(P、Q) ,一、學測自然級分
真理大學,資訊管理學系資管應用組,國文,底標,3.0,英文,--,3.0,社會,--,3.0,,,,,,,*2.00,*1.00,*1.00,,,10%,審查資料,--,10%,面試,--,45%,,,,,,,,,,一、面試二、審查資料三、學測國文級分四、學測社會級分,項目：修課紀錄(A)、課程學習成果(B)、多元表現(F、N)、學習歷程自述(O、P、Q) ,一、學測國文、英文、社會之級分總和
世新大學,資訊管理學系資訊科技組,國文,底標,3.0,英文,底標,5.0,數學B,後標,6.0,,,,,,,*2.00,*1.75,*1.75,,,40%,審查資料,--,40%,面試,--,30%,,,,,,,,,,一、學測數學B級分二、面試三、審查資料,項目：修課紀錄(A)、課程學習成果(B、C)、多元表現(F、N)、學習歷程自述(Q)、其他(R.其他有利審查資料) ,一、學測國文、英文、數學B之級分總和
國立彰化師範大學,資訊管理學系資訊管理組,國文,均標,3.0,英文,均標,6.0,數學B,均標,5.0,國英數B,--,7.0,,,,*1.00,*2.00,*2.00,--,,50%,審查資料,--,50%,面試,--,30%,,,,,,,,,,一、學測英文級分二、學測數學B級分三、學測國文級分四、面試,項目：修課紀錄(A)、課程學習成果(B)、多元表現(F、N)、其他(R.個人資料表) ,一、學測國文、英文、數學B之級分總和　二、學測數學B級分
世新大學,資訊管理學系資訊管理組,國文,底標,3.0,英文,底標,5.0,數學B,後標,6.0,,,,,,,*2.00,*1.75,*1.75,,,40%,審查資料,--,40%,面試,--,30%,,,,,,,,,,一、學測數學B級分二、面試三、審查資料,項目：修課紀錄(A)、課程學習成果(B、C)、多元表現(F、N)、學習歷程自述(Q)、其他(R.其他有利審查資料) ,一、學測國文、英文、數學B之級分總和
銘傳大學,資訊管理學系雲端技術管理組（桃園校區）,國文,底標,3.0,英文,底標,3.0,,,,,,,,,,*1.00,*1.00,,,,30%,審查資料,--,30%,面試,70分,40%,,,,,,,,,,一、學測國英級分總和二、學測國文級分三、面試四、審查資料,項目：修課紀錄(A)、課程學習成果(B、C)、多元表現(F、J、L、M、N)、學習歷程自述(O、P、Q)、其他(R.其他有利審查資料) ,一、學測國文、英文之級分總和　二、學測國文級分
真理大學,資訊管理學系電商行銷組,國文,--,3.5,英文,--,3.5,社會,底標,3.5,,,,,,,*1.00,*1.00,*2.00,,,10%,審查資料,--,10%,面試,--,45%,,,,,,,,,,一、面試二、審查資料三、學測社會級分四、學測國文級分,項目：修課紀錄(A)、課程學習成果(B)、多元表現(F、N)、學習歷程自述(O、P、Q) ,一、學測國文、英文、社會之級分總和
銘傳大學,資訊管理學系電子商務管理組（桃園校區）,國文,底標,3.0,社會,底標,3.0,,,,,,,,,,*1.00,*1.00,,,,30%,審查資料,--,30%,面試,70分,40%,,,,,,,,,,一、學測國社級分總和二、學測國文級分三、面試四、審查資料,項目：修課紀錄(A)、課程學習成果(B、C)、多元表現(F、J、L、M、N)、學習歷程自述(O、P、Q)、其他(R.其他有利審查資料) ,一、學測國文、社會之級分總和　二、學測國文級分
國立中央大學,資訊管理學系（APCS組）,國文,均標,--,英文,前標,10,數學A,前標,12,自然,均標,--,,,,*1.00,*1.50,*1.50,*1.00,,30%,審查資料,--,30%,,,,,,,,,,,,,程式設計觀念題程式設計實作題,項目：修課紀錄(A)、課程學習成果(B、C)、多元表現(F、G、J、L、N)、學習歷程自述(O、P、Q)、其他(R.個人資料表) ,一、學測國文、英文、數學A、自然之級分總和
靜宜大學,資訊管理學系（APCS組）,國文,--,30.0,英文,底標,30.0,,,,,,,,,,*1.00,*1.00,,,,30%,審查資料,--,30%,面試,--,35%,,,,,,,,,,程式設計觀念題程式設計實作題,項目：修課紀錄(A)、多元表現(F、N)、學習歷程自述(P)、其他(R.其他有利審查資料) ,一、學測國文、英文之級分總和　二、學測英文級分　三、學測國文級分
中華大學,資訊管理學系（智慧商務組）,社會,底標,3.0,,,,,,,,,,,,,--,,,,,0%,審查資料,--,0%,面試,--,55%,,,,,,,,,,一、面試二、審查資料,項目：修課紀錄(A)、學習歷程自述(P、Q)、其他(R.其他有利於審查之資料) ,一、學測社會級分
中華大學,資訊管理學系（資訊管理應用組）,國文,底標,3.0,,,,,,,,,,,,,--,,,,,0%,審查資料,--,0%,面試,--,55%,,,,,,,,,,一、面試二、審查資料,項目：修課紀錄(A)、學習歷程自述(P、Q)、其他(R.其他有利於審查之資料) ,一、學測國文級分
中華大學,資訊管理學系（資訊系統設計組）,英文,底標,3.5,,,,,,,,,,,,,--,,,,,0%,審查資料,--,0%,面試,--,55%,,,,,,,,,,一、面試二、審查資料,項目：修課紀錄(A)、學習歷程自述(P、Q)、其他(R.其他有利於審查之資料) ,一、學測英文級分
大同大學,資訊經營學系,國文,底標,--,英文,底標,--,數學B,底標,--,國英數B,--,3,,,,*1.00,*1.00,*1.00,--,,40%,審查資料,--,40%,面試,--,30%,,,,,,,,,,一、學測國英數B級分總和二、學測國文級分三、學測英文級分,項目：修課紀錄(A)、課程學習成果(B)、多元表現(F、N)、學習歷程自述(O、P、Q)、其他(R.資訊科技相關學習表現) ,一、學測國文、英文、數學B之級分總和
淡江大學,資訊與圖書館學系,國文,--,3,英文,後標,--,,,,,,,,,,*1.50,*2.00,,,,30%,審查資料,--,30%,面試,--,40%,,,,,,,,,,一、面試二、審查資料三、學科能力測驗成績四、學測英文級分,項目：修課紀錄(A)、課程學習成果(B、C、E)、多元表現(G、I、J、M、N)、學習歷程自述(P)、其他(R.其他有利審查資料) ,一、學測國文、英文之級分總和
國立中央大學,資訊電機學院學士班,國文,均標,12.0,英文,前標,5.0,數學A,前標,5.0,自然,前標,5.0,,,,*1.00,*1.20,*1.20,*1.20,,30%,審查資料,--,30%,面試,--,35%,,,,,,,,,,一、指定項目甄試成績二、學測英文級分三、學測數學A級分四、學測自然級分,項目：修課紀錄(A)、課程學習成果(B、C、D)、多元表現(F、G、J、L、N)、學習歷程自述(O、P、Q) ,一、學測國文、英文、數學A、自然之級分總和
逢甲大學,資訊電機學院學士班乙組,英文,後標,--,數學B,均標,--,自然,後標,--,英數B自,--,3,,,,*1.00,*1.00,*1.00,--,,40%,審查資料,--,40%,面試,--,30%,,,,,,,,,,一、學科能力測驗成績二、指定項目甄試成績三、學測數學B級分四、學測英文級分,項目：修課紀錄(A)、課程學習成果(B、C、D)、多元表現(F、J、L、M、N)、學習歷程自述(O、P、Q)、其他(R.知識能力) ,一、學測英文、數學B、自然之級分總和　二、學測數學B級分　三、學測英文級分　四、學測自然級分
逢甲大學,資訊電機學院學士班甲組,英文,後標,--,數學A,均標,--,自然,後標,--,英數A自,--,3,,,,*1.00,*1.00,*1.00,--,,40%,審查資料,--,40%,面試,--,30%,,,,,,,,,,一、學科能力測驗成績二、指定項目甄試成績三、學測數學A級分四、學測英文級分,項目：修課紀錄(A)、課程學習成果(B、C、D)、多元表現(F、J、L、M、N)、學習歷程自述(O、P、Q)、其他(R.知識能力) ,一、學測英文、數學A、自然之級分總和　二、學測數學A級分　三、學測英文級分　四、學測自然級分
國立高雄師範大學,軟體工程與管理學系,國文,--,5.0,英文,均標,5.0,數學A,均標,5.0,,,,,,,*1.00,*1.25,*1.50,,,40%,審查資料,--,40%,面試,--,30%,,,,,,,,,,一、審查資料二、學測數學A級分三、學測英文級分,項目：修課紀錄(A)、課程學習成果(B、C、D)、多元表現(F、K、L、M、N)、學習歷程自述(O、P、Q)、其他(R.有利審查資料) ,一、學測國文、英文、數學A之級分總和
國立高雄師範大學,軟體工程與管理學系(APCS組),國文,--,5.0,英文,均標,5.0,數學A,均標,5.0,,,,,,,*1.00,*1.25,*1.50,,,40%,審查資料,--,40%,面試,--,15%,APCS,--,20%,,,,,,,程式設計觀念題程式設計實作題,項目：修課紀錄(A)、課程學習成果(B、C、D)、多元表現(F、K、L、M、N)、學習歷程自述(O、P、Q)、其他(R.有利審查資料) ,一、學測國文、英文、數學A之級分總和
國立中央大學,通訊工程學系,國文,均標,4.0,英文,前標,3.0,數學A,前標,3.0,自然,前標,4.0,國英數A自,--,3.5,*1.00,*1.00,*1.20,*1.20,--,30%,審查資料,--,30%,面試,--,30%,,,,,,,,,,一、學測數學A級分二、學測自然級分三、審查資料四、學測英文級分,項目：修課紀錄(A)、課程學習成果(B)、多元表現(F、J、K、M、N)、學習歷程自述(O、P、Q) ,一、學測國文、英文、數學A、自然之級分總和
國立中正大學,通訊工程學系,國文,--,--,英文,--,--,數學A,均標,--,自然,均標,--,國英數A自,--,3,*1.00,*1.50,*2.00,*1.00,--,50%,審查資料,--,50%,,,,,,,,,,,,,一、審查資料二、學測數學A級分三、學測自然級分四、學測英文級分,項目：修課紀錄(A)、課程學習成果(D)、多元表現(F、G、J、N)、學習歷程自述(O、P、Q) ,一、學測國文、英文、數學A、自然之級分總和　二、學測數學A級分
國立臺北大學,通訊工程學系,英文,均標,5.0,數學A,均標,3.0,自然,均標,10.0,,,,,,,*1.50,*2.00,*1.00,,,50%,審查資料,--,50%,,,,,,,,,,,,,一、指定項目甄試成績二、學測數學A級分三、學測英文級分四、學測自然級分,項目：修課紀錄(A)、課程學習成果(B、C、D)、多元表現(F、J、L、M、N)、學習歷程自述(O、P、Q) ,一、學測英文、數學A、自然之級分總和
國立臺北大學,通訊工程學系(飛鳶組),英文,均標,7.0,數學A,均標,6.0,自然,均標,10.0,,,,,,,*1.50,*2.00,*1.00,,,50%,審查資料,--,50%,,,,,,,,,,,,,一、指定項目甄試成績二、學測數學A級分三、學測英文級分四、學測自然級分,項目：修課紀錄(A)、課程學習成果(B、C、D)、多元表現(F、J、L、M、N)、學習歷程自述(O、P、Q) ,一、學測英文、數學A、自然之級分總和
逢甲大學,通訊工程學系乙組,國文,--,--,英文,後標,--,數學B,後標,--,國英數B,--,4,,,,*1.25,*1.00,*1.25,--,,40%,審查資料,--,40%,面試,--,20%,,,,,,,,,,一、審查資料二、學測國英數B級分總和三、學測數學B級分四、學測國文級分,項目：修課紀錄(A)、課程學習成果(B、C、D)、多元表現(G、J、L、M、N)、學習歷程自述(O、P、Q)、其他(R.其他有利審查資料) ,一、學測國文、英文、數學B之級分總和　二、學測數學B級分　三、學測國文級分　四、學測英文級分
逢甲大學,通訊工程學系甲組,國文,--,--,英文,後標,--,數學A,後標,--,國英數A,--,3,,,,*1.25,*1.00,*1.25,--,,40%,審查資料,--,40%,面試,--,20%,,,,,,,,,,一、審查資料二、學測國英數A級分總和三、學測數學A級分四、學測國文級分,項目：修課紀錄(A)、課程學習成果(B、C、D)、多元表現(G、J、L、M、N)、學習歷程自述(O、P、Q)、其他(R.其他有利審查資料) ,一、學測國文、英文、數學A之級分總和　二、學測數學A級分　三、學測國文級分　四、學測英文級分
國立臺灣海洋大學,通訊與導航工程學系,國文,--,--,英文,均標,6,數學A,均標,3,自然,均標,5.5,國英數A自,--,5,*1.00,*1.00,*1.00,*1.00,--,50%,審查資料,--,50%,面試,--,30%,,,,,,,,,,一、學測國英數A自級分總和二、學測數學A級分三、學測英文級分四、學測自然級分,項目：修課紀錄(A)、課程學習成果(B、D)、多元表現(M、N)、學習歷程自述(O、P、Q)、其他(R.其他有利審查資料) ,一、學測國文、英文、數學A、自然之級分總和
真理大學,運動資訊傳播學系,國文,底標,3,英文,--,--,社會,--,--,,,,,,,*2.00,*1.00,*1.50,,,10%,審查資料,--,10%,面試,--,50%,,,,,,,,,,一、學測國英社級分總和,項目：修課紀錄(A)、課程學習成果(B)、多元表現(F、G、H、N)、學習歷程自述(O、P、Q) ,一、學測國文、英文、社會之級分總和　二、學測國文級分　三、學測英文級分　四、學測社會級分
國立臺灣體育運動大學,運動資訊與傳播學系,國文,後標,3.0,英文,後標,3.0,數學B,後標,3.0,社會,後標,3.0,,,,*1.50,*1.75,*1.25,*1.25,,20%,審查資料,--,20%,面試,--,40%,,,,,,,,,,一、學測英文級分二、學科能力測驗成績三、指定項目甄試成績四、學測國文級分,項目：修課紀錄(A)、課程學習成果(B、C、E)、多元表現(F、G、J、M、N)、學習歷程自述(O、P、Q) ,一、學測國文、英文、數學B、社會之級分總和　二、學測英文級分　三、學測國文級分　四、學測數學B級分
中山醫學大學,醫學資訊學系,國文,--,--,英文,後標,5,數學A,後標,3,自然,--,--,,,,*1.00,*1.50,*1.50,*1.00,,30%,審查資料,--,30%,面試,--,40%,,,,,,,,,,一、面試二、學測英文級分三、學測數學A級分四、審查資料,項目：修課紀錄(A)、課程學習成果(B)、多元表現(G、J、L、M、N)、學習歷程自述(P、Q) ,一、學測國文、英文、數學A、自然之級分總和　二、學測數學A級分　三、學測英文級分
慈濟大學,醫學資訊學系,國文,--,--,英文,--,--,數學B,後標,3,自然,--,--,國英數B,--,5,*1.00,*1.50,*2.00,*1.50,--,50%,審查資料,--,50%,,,,,,,,,,,,,一、學測國英數B自級分總和二、學測數學B級分三、學測英文級分四、指定項目甄試成績,項目：修課紀錄(A)、課程學習成果(B、C)、多元表現(F、J、K、L、N)、學習歷程自述(O、P、Q) ,一、學測國文、英文、數學B、自然之級分總和
慈濟大學,醫學資訊學系(APCS組),國文,--,--,英文,--,--,數學B,後標,25,,,,,,,*1.00,*1.50,*2.00,,,50%,審查資料,--,50%,,,,,,,,,,,,,程式設計觀念題程式設計實作題,項目：修課紀錄(A)、課程學習成果(B、C)、多元表現(F、J、K、L、N)、學習歷程自述(O、P、Q) ,一、學測國文、英文、數學B之級分總和
中原大學,電子工程學系,英文,後標,3.0,數學A,--,3.0,自然,--,3.0,,,,,,,*1.00,*1.00,*1.00,,,50%,審查資料,--,50%,面試,60分,10%,,,,,,,,,,一、學測數學A級分二、學測英文級分三、學測自然級分四、審查資料,項目：修課紀錄(A)、課程學習成果(B、C、D)、多元表現(F、G、H、N)、學習歷程自述(O、Q)、其他(R.其他有利審查項目) ,一、學測英文、數學A、自然之級分總和　二、學測英文級分
國立高雄師範大學,電子工程學系,英文,--,--,數學A,均標,7,自然,均標,5,英數A自,--,3,,,,*1.00,*1.50,*1.50,--,,50%,審查資料,--,50%,面試,--,25%,,,,,,,,,,一、學測英數A自級分總和二、學測數學A級分三、學測自然級分四、指定項目甄試成績,項目：修課紀錄(A)、課程學習成果(B、D)、多元表現(F、G、J、M、N)、學習歷程自述(P、Q)、其他(R.有利於審查之資料) ,一、學測英文、數學A、自然之級分總和　二、學測數學A級分　三、學測自然級分　四、學測英文級分
國立彰化師範大學,電子工程學系,國文,--,--,英文,均標,3,數學A,均標,3,自然,均標,3,國英數A自,--,5,*1.00,*1.00,*1.00,*1.00,--,50%,審查資料,--,50%,,,,,,,,,,,,,一、學科能力測驗成績二、審查資料三、學測自然級分四、學測數學A級分,項目：修課紀錄(A)、課程學習成果(B)、多元表現(M、N)、學習歷程自述(O、P、Q) ,一、學測國文、英文、數學A、自然之級分總和　二、學測自然級分
長庚大學,電子工程學系,國文,--,--,英文,--,3,數學A,--,4,自然,均標,5,,,,*1.00,*1.00,*1.25,*1.25,,50%,審查資料,--,50%,面試,--,30%,,,,,,,,,,一、學測自然級分二、學測數學A級分三、學測英文級分四、學測國文級分,項目：修課紀錄(A)、課程學習成果(D)、多元表現(F、M、N)、學習歷程自述(O、P、Q)、其他(R.其他有利審查之資料) ,一、學測國文、英文、數學A、自然之級分總和
義守大學,電子工程學系,國文,--,3.0,數學A,後標,3.0,,,,,,,,,,*1.00,*1.50,,,,20%,審查資料,--,20%,面試,--,45%,,,,,,,,,,一、學測數學A級分二、學測國文級分三、面試四、審查資料,項目：修課紀錄(A)、課程學習成果(B)、多元表現(F、N)、學習歷程自述(O、P) ,一、學測國文、數學A之級分總和　二、學測數學A級分　三、學測國文級分
國立宜蘭大學,電子工程學系,國文,--,--,英文,--,--,數學A,--,3,自然,均標,5,英數A,--,4,*1.00,*1.50,*1.00,*1.00,--,40%,審查資料,60分,40%,口試,60分,20%,,,,,,,,,,一、學測國英數A自級分總和二、學測英文級分三、口試四、審查資料,項目：修課紀錄(A)、課程學習成果(B、C、D)、多元表現(F、G、H、J、N)、學習歷程自述(O、P、Q)、其他(R.其他有助於審查之證明) ,一、學測國文、英文、數學A、自然之級分總和
國立聯合大學,電子工程學系,國文,--,3,數學A,均標,--,自然,--,5,,,,,,,*1.00,*2.00,*2.00,,,50%,審查資料,--,50%,,,,,,,,,,,,,一、學測數學A級分二、學測自然級分三、學測國文級分四、指定項目甄試成績,項目：修課紀錄(A)、多元表現(F、M、N)、學習歷程自述(P、Q) ,一、學測國文、數學A、自然之級分總和
國立金門大學,電子工程學系,國文,--,3,英文,--,--,自然,後標,3,,,,,,,*2.00,*1.00,*2.00,,,30%,審查資料,--,30%,,,,,,,,,,,,,一、審查資料二、學測自然級分三、學測國文級分四、學測英文級分,項目：修課紀錄(A)、課程學習成果(B)、多元表現(F、N)、學習歷程自述(P、Q) ,一、學測國文、英文、自然之級分總和
國立金門大學,電子工程學系(願景組),國文,--,6,英文,--,--,自然,底標,6,,,,,,,*2.00,*1.00,*2.00,,,30%,審查資料,--,30%,,,,,,,,,,,,,一、審查資料二、學測自然級分三、學測國文級分四、學測英文級分,項目：修課紀錄(A)、課程學習成果(B)、多元表現(F、N)、學習歷程自述(P、Q) ,一、學測國文、英文、自然之級分總和
逢甲大學,電子工程學系乙組,國文,--,--,英文,後標,--,數學B,後標,--,自然,--,--,國英數B自,--,6,*1.00,*1.00,*1.00,*1.00,--,40%,審查資料,--,40%,面試,--,25%,,,,,,,,,,一、學測自然級分二、學測數學B級分三、學測英文級分四、學測國文級分,項目：修課紀錄(A)、課程學習成果(B、D)、多元表現(F、J、L、M、N)、學習歷程自述(O、P、Q)、其他(R.數理/程式等學習活動) ,一、學測國文、英文、數學B、自然之級分總和　二、學測自然級分　三、學測數學B級分　四、學測英文級分
銘傳大學,電子工程學系半導體光電組（桃園校區）,國文,底標,--,數學A,底標,--,國數A,--,3,,,,,,,*1.00,*1.00,--,,,30%,審查資料,--,30%,面試,70分,40%,,,,,,,,,,一、面試二、學測數學A級分三、學測國文級分四、審查資料,項目：修課紀錄(A)、課程學習成果(B、C)、多元表現(F、G、H、J、N)、學習歷程自述(O、P、Q) ,一、學測國文、數學A之級分總和
逢甲大學,電子工程學系甲組,國文,--,--,英文,後標,--,數學A,後標,--,自然,--,--,國英數A自,--,3,*1.00,*1.00,*1.00,*1.00,--,40%,審查資料,--,40%,面試,--,25%,,,,,,,,,,一、學測自然級分二、學測數學A級分三、學測英文級分四、學測國文級分,項目：修課紀錄(A)、課程學習成果(B、D)、多元表現(F、J、L、M、N)、學習歷程自述(O、P、Q)、其他(R.數理/程式等學習活動) ,一、學測國文、英文、數學A、自然之級分總和　二、學測自然級分　三、學測數學A級分　四、學測英文級分
銘傳大學,電子工程學系計算機應用組（桃園校區）,國文,底標,--,英文,底標,--,數學A,底標,--,數學B,後標,--,國英,--,3,*1.50,*1.00,--,--,--,30%,審查資料,--,30%,面試,70分,40%,,,,,,,,,,一、面試二、學測國文級分三、學測英文級分四、審查資料,項目：修課紀錄(A)、課程學習成果(B、C)、多元表現(F、G、H、J、N)、學習歷程自述(O、P、Q) ,一、學測國文、英文之級分總和
開南大學,電影與創意媒體學系,社會,底標,3.0,,,,,,,,,,,,,--,,,,,0%,審查資料,--,0%,面試,--,50%,,,,,,,,,,一、面試二、審查資料,項目：修課紀錄(A)、課程學習成果(B、C)、多元表現(G、N)、學習歷程自述(P) ,一、學測社會級分
國立臺灣大學,電機工程學系,英文,頂標,2.5,數學A,頂標,2.5,自然,頂標,2.5,,,,,,,*1.00,*1.00,*1.00,,,20%,審查資料,70分,20%,數學筆試,--,15%,物理筆試,--,15%,,,,,,,一、審查資料二、物理筆試三、數學筆試四、學科能力測驗成績,項目：修課紀錄(A)、課程學習成果(B、D)、學習歷程自述(P、Q)、其他(R.本系個人資料表、S.自傳(學生自述)、T.有利審查資料之證明) ,一、學測英文、數學A、自然之級分總和　二、學測數學A級分　三、學測自然級分　四、學測英文級分
國立臺灣師範大學,電機工程學系,國文,均標,--,英文,前標,5,數學A,前標,3,自然,前標,5,,,,--,*1.00,*1.00,*1.00,,50%,審查資料,--,50%,面試,--,30%,,,,,,,,,,一、面試二、學測數學A級分三、學測自然級分四、學測英文級分,項目：修課紀錄(A)、課程學習成果(B、C、D)、多元表現(F、G、K、M、N)、學習歷程自述(O、P、Q) ,一、學測國文、英文、數學A、自然之級分總和　二、學測數學A級分　三、學測自然級分　四、學測英文級分
國立中興大學,電機工程學系,英文,--,--,數學A,均標,8,自然,均標,--,英數A自,--,3,,,,*1.00,*1.50,*1.50,--,,50%,審查資料,--,50%,,,,,,,,,,,,,一、學測數學A級分二、學測自然級分三、學測英文級分四、審查資料,項目：修課紀錄(A)、課程學習成果(B、C、D)、多元表現(F、J、M、N)、學習歷程自述(O、P) ,一、學測英文、數學A、自然之級分總和
國立成功大學,電機工程學系,英文,均標,3.0,數學A,前標,3.0,自然,前標,3.0,,,,,,,*1.00,*2.00,*2.00,,,50%,審查資料,--,50%,團體面談(含筆試),--,15%,,,,,,,,,,一、學科能力測驗成績二、學測數學A級分三、學測自然級分四、審查資料,項目：修課紀錄(A)、課程學習成果(B、D)、多元表現(F、J、L、M、N)、學習歷程自述(O、P、Q) ,一、學測英文、數學A、自然之級分總和
中原大學,電機工程學系,英文,均標,3,數學A,--,3,自然,--,--,,,,,,,*1.00,*1.00,*1.00,,,50%,審查資料,--,50%,面試,60分,10%,,,,,,,,,,一、學測數學A級分二、學測英文級分三、學測自然級分四、審查資料,項目：修課紀錄(A)、課程學習成果(B、C、D)、多元表現(F、G、J、L、N)、學習歷程自述(O、P、Q)、其他(R.數理/程式等學習活動、S.其他有利審查資料) ,一、學測英文、數學A、自然之級分總和　二、學測數學A級分
東海大學,電機工程學系,國文,--,3,英文,--,3,數學A,後標,--,自然,--,3,,,,--,--,*1.00,*1.00,,30%,審查資料,--,30%,面試,--,30%,,,,,,,,,,一、學測數學A級分二、學測自然級分三、學測英文級分,項目：修課紀錄(A)、課程學習成果(B)、多元表現(F、J、K、M、N)、學習歷程自述(O、P、Q) ,一、學測國文、英文、數學A、自然之級分總和　二、學測數學A級分　三、學測自然級分
國立中央大學,電機工程學系,國文,均標,--,英文,前標,3,數學A,前標,6,自然,前標,6,,,,--,*1.00,*1.20,*1.20,,30%,審查資料,--,30%,筆試,--,35%,,,,,,,,,,一、學測英文級分二、學測數學A級分三、學測自然級分四、筆試,項目：修課紀錄(A)、課程學習成果(B、C、D)、多元表現(F、J、L、M、N)、學習歷程自述(O、P、Q) ,一、學測國文、英文、數學A、自然之級分總和
中國文化大學,電機工程學系,國文,--,--,英文,--,--,數學A,底標,3,自然,--,--,,,,*1.00,*1.00,*1.00,*1.00,,50%,審查資料,--,50%,面試,--,20%,,,,,,,,,,一、學測數學A級分二、學測英文級分三、學測自然級分四、學測國文級分,項目：修課紀錄(A)、課程學習成果(B)、多元表現(F、H、J、K、N)、學習歷程自述(O、P、Q) ,一、學測國文、英文、數學A、自然之級分總和　二、學測數學A級分　三、學測英文級分　四、學測自然級分
大同大學,電機工程學系,英文,後標,--,數學A,後標,3,自然,--,--,,,,,,,*1.00,*2.00,*1.00,,,50%,審查資料,--,50%,面試,--,20%,,,,,,,,,,一、學測數學A級分二、學測英文級分,項目：修課紀錄(A)、課程學習成果(B、C、D)、多元表現(F、G、N)、學習歷程自述(O、P、Q)、其他(R.其它助於表現自我資料) ,一、學測英文、數學A、自然之級分總和　二、學測數學A級分　三、學測英文級分　四、學測自然級分
輔仁大學,電機工程學系,英文,--,--,數學A,後標,--,自然,--,--,英數A自,--,3,,,,*1.00,*1.00,*1.00,--,,50%,審查資料,--,50%,,,,,,,,,,,,,一、學測英數A自級分總和二、審查資料三、學測數學A級分四、學測英文級分,項目：修課紀錄(A)、課程學習成果(B、C)、多元表現(F、J、M、N)、學習歷程自述(O、P、Q) ,一、學測英文、數學A、自然之級分總和
國立臺灣海洋大學,電機工程學系,國文,--,--,英文,均標,--,數學A,均標,3,自然,均標,--,英數A自,--,3.5,*1.00,*1.00,*1.00,*1.00,--,50%,審查資料,--,50%,面試,--,30%,,,,,,,,,,一、學測國英數A自級分總和二、學測數學A級分三、學測英文級分四、學測自然級分,項目：修課紀錄(A)、課程學習成果(B、D)、多元表現(F、M、N)、學習歷程自述(O、P、Q)、其他(R.其他有利審查資料) ,一、學測國文、英文、數學A、自然之級分總和
國立高雄師範大學,電機工程學系,英文,--,--,數學A,均標,5,自然,均標,7,英數A自,--,3,,,,*1.00,*1.50,*1.50,--,,50%,審查資料,--,50%,面試,--,15%,,,,,,,,,,一、學測英數A自級分總和二、學科能力測驗成績三、指定項目甄試成績四、學測英文級分,項目：修課紀錄(A)、課程學習成果(B、C、D)、多元表現(G、H、J、M、N)、學習歷程自述(O、P、Q) ,一、學測英文、數學A、自然之級分總和　二、學測數學A級分　三、學測自然級分　四、學測英文級分
國立彰化師範大學,電機工程學系,國文,均標,--,英文,均標,8,數學A,均標,5,自然,均標,7,英數A,--,4,*1.00,*1.00,*2.00,*1.50,--,50%,審查資料,--,50%,,,,,,,,,,,,,一、學科能力測驗成績二、審查資料三、學測數學A級分四、學測英文級分,項目：修課紀錄(A)、課程學習成果(B、C、D)、多元表現(F、J、K、M、N)、其他(R.自傳) ,一、學測國文、英文、數學A、自然之級分總和　二、學測數學A級分
國立中山大學,電機工程學系,英文,均標,--,數學A,均標,--,自然,均標,--,英數A自,--,3,,,,*1.50,*2.00,*1.00,--,,50%,審查資料,--,50%,面試,--,25%,,,,,,,,,,一、學科能力測驗成績二、學測數學A級分三、學測自然級分四、面試,項目：修課紀錄(A)、課程學習成果(B、C、D)、多元表現(F、J、K、L、N)、學習歷程自述(O、P、Q)、其他(R.自傳(含讀書計畫)) ,一、學測英文、數學A、自然之級分總和　二、學測數學A級分　三、學測英文級分　四、學測自然級分
長庚大學,電機工程學系,國文,--,3,英文,--,--,數學A,均標,--,自然,--,3,英數A自,--,5,--,*1.00,*2.00,*2.00,--,50%,審查資料,--,50%,面試,--,15%,,,,,,,,,,一、學測數學A級分二、學測自然級分三、學測英文級分四、學測國文級分,項目：修課紀錄(A)、課程學習成果(B、C、D)、多元表現(F、J、K、M、N)、學習歷程自述(O、P、Q) ,一、學測國文、英文、數學A、自然之級分總和
國立臺南大學,電機工程學系,英文,--,3.0,數學A,均標,3.0,自然,--,3.0,,,,,,,*1.00,*1.50,*1.00,,,50%,審查資料,--,50%,,,,,,,,,,,,,一、學測數學A級分二、學測自然級分三、學測英文級分,項目：修課紀錄(A)、課程學習成果(D)、多元表現(F、N) ,一、學測英文、數學A、自然之級分總和
國立東華大學,電機工程學系,英文,--,--,數學A,均標,3,自然,均標,3,英數A自,--,4,,,,*1.00,*1.25,*1.25,--,,50%,審查資料,--,50%,認識本系與心得報告,--,10%,,,,,,,,,,一、學測英數A自級分總和二、學測數學A級分三、學測自然級分四、審查資料,項目：修課紀錄(A)、課程學習成果(D)、多元表現(F、J、L、M、N)、學習歷程自述(O、P、Q) ,一、學測英文、數學A、自然之級分總和　二、學測數學A級分　三、學測自然級分
國立中正大學,電機工程學系,國文,--,--,英文,--,--,數學A,均標,10,自然,均標,--,國英數A自,--,3,*1.00,*1.50,*2.00,*1.00,--,50%,審查資料,--,50%,,,,,,,,,,,,,一、審查資料二、學測數學A級分三、學測自然級分四、學測英文級分,項目：修課紀錄(A)、課程學習成果(D)、多元表現(F、G、J、N)、學習歷程自述(O、P、Q) ,一、學測國文、英文、數學A、自然之級分總和　二、學測數學A級分
大葉大學,電機工程學系,英文,--,3.0,自然,底標,3.0,,,,,,,,,,*1.00,*1.00,,,,10%,審查資料,--,10%,面試,--,50%,,,,,,,,,,一、面試二、審查資料三、學測自然級分四、學測英文級分,項目：修課紀錄(A)、課程學習成果(C、D)、多元表現(F、G、J、L、N)、學習歷程自述(P、Q) ,一、學測英文、自然之級分總和　二、學測自然級分　三、學測英文級分
中華大學,電機工程學系,數學A,底標,3.0,,,,,,,,,,,,,--,,,,,0%,審查資料,--,0%,面試,--,55%,,,,,,,,,,一、面試二、學測數學A級分,項目：修課紀錄(A)、多元表現(F、N) ,一、學測數學A級分
義守大學,電機工程學系,國文,--,3.0,數學A,後標,3.0,,,,,,,,,,*1.00,*2.00,,,,30%,審查資料,--,30%,面試,--,35%,,,,,,,,,,一、審查資料二、學測數學A級分三、學測國文級分四、面試,項目：修課紀錄(A)、課程學習成果(B、C)、多元表現(F、N)、學習歷程自述(O、P) ,一、學測國文、數學A之級分總和　二、學測數學A級分　三、學測國文級分
國立暨南國際大學,電機工程學系,國文,--,--,英文,--,3,數學A,後標,--,數學B,均標,--,自然,--,3,*1.00,*1.00,--,--,*1.00,50%,審查資料,--,50%,評估測驗,--,15%,,,,,,,,,,一、學測英文級分二、學測自然級分三、學測國文級分,項目：修課紀錄(A)、課程學習成果(D)、多元表現(F、J、L、M、N)、學習歷程自述(O、P、Q) ,一、學測國文、英文、自然之級分總和
國立臺北大學,電機工程學系,英文,均標,7.0,數學A,均標,3.0,自然,均標,5.0,,,,,,,*1.20,*1.50,*1.00,,,30%,審查資料,--,30%,,,,,,,,,,,,,一、指定項目甄試成績二、學測英數A自級分總和三、學測數學A級分四、學測英文級分,項目：修課紀錄(A)、課程學習成果(B、D)、多元表現(F、J、K、M、N)、學習歷程自述(P、Q)、其他(R.其他有助審查資料) ,一、學測英文、數學A、自然之級分總和　二、學測數學A級分　三、學測自然級分　四、學測英文級分
國立嘉義大學,電機工程學系,國文,--,--,英文,均標,--,數學A,均標,--,自然,均標,--,英數A自,--,3,*1.00,*1.00,*1.00,*1.00,--,50%,審查資料,--,50%,面試,--,20%,,,,,,,,,,一、學測數學A級分二、學測英文級分三、學測自然級分四、面試,項目：修課紀錄(A)、課程學習成果(B、C、D)、多元表現(F、J、L、M、N)、學習歷程自述(O、P、Q) ,一、學測國文、英文、數學A、自然之級分總和　二、學測數學A級分　三、學測自然級分　四、學測英文級分
國立高雄大學,電機工程學系,英文,均標,3.0,數學A,均標,3.0,自然,均標,3.0,,,,,,,*1.00,*1.50,*1.50,,,50%,審查資料,--,50%,面試,--,30%,,,,,,,,,,一、學測數學A級分二、學測自然級分三、學測英文級分,項目：修課紀錄(A)、課程學習成果(B、C、D)、多元表現(F、G、K、M、N)、學習歷程自述(O、P、Q) ,一、學測英文、數學A、自然之級分總和　二、學測數學A級分　三、學測自然級分　四、學測英文級分
國立宜蘭大學,電機工程學系,英文,--,--,數學A,後標,3,自然,--,6,,,,,,,*1.00,*1.50,*1.20,,,40%,審查資料,--,40%,口試,--,30%,,,,,,,,,,一、學測數學A級分二、學測自然級分三、審查資料四、口試,項目：修課紀錄(A)、課程學習成果(B、C、D)、多元表現(F、G、J、M、N)、學習歷程自述(O、P、Q)、其他(R.其他有助於審查之證明) ,一、學測英文、數學A、自然之級分總和
國立聯合大學,電機工程學系,國文,--,--,英文,--,--,數學A,均標,3,自然,--,6,,,,*1.00,*1.00,*2.00,*1.50,,50%,審查資料,--,50%,團體面談及系所介紹,--,20%,,,,,,,,,,一、學測數學A級分二、學測自然級分三、學測英文級分四、學測國文級分,項目：修課紀錄(A)、多元表現(F、N)、學習歷程自述(O、P、Q)、其他(R.其他有利審查資料) ,一、學測國文、英文、數學A、自然之級分總和
輔仁大學,電機工程學系(APCS組),英文,--,--,數學A,後標,--,自然,--,--,英數A自,--,3,,,,*1.00,*1.00,*1.00,--,,50%,審查資料,--,50%,,,,,,,,,,,,,程式設計觀念題程式設計實作題,項目：修課紀錄(A)、課程學習成果(B、C)、多元表現(F、J、M、N)、學習歷程自述(O、P、Q) ,一、學測英文、數學A、自然之級分總和
元智大學,電機工程學系(丙組),國文,--,--,英文,--,--,數學A,--,--,自然,均標,--,國英數A自,--,3,*1.00,*1.00,*1.00,*1.00,--,50%,審查資料,--,50%,,,,,,,,,,,,,一、學測國英數A自級分總和二、審查資料三、學測數學A級分四、學測自然級分,項目：修課紀錄(A)、課程學習成果(B、C、D)、多元表現(F、G、L、M、N) ,一、學測國文、英文、數學A、自然之級分總和
國立陽明交通大學,電機工程學系(乙組),國文,均標,--,英文,均標,3,數學A,前標,5,自然,前標,5,,,,--,*1.00,*1.50,*1.50,,45%,審查資料,--,45%,團體面談(含筆試),--,10%,,,,,,,,,,一、審查資料二、學測數學A級分三、學測自然級分四、學測英文級分,項目：修課紀錄(A)、課程學習成果(B、C、D)、多元表現(F、G、J、M、N)、學習歷程自述(O、P、Q) ,一、學測國文、英文、數學A、自然之級分總和　二、學測數學A級分　三、學測自然級分　四、學測英文級分
元智大學,電機工程學系(乙組),國文,--,--,英文,--,--,數學A,--,--,自然,均標,--,國英數A自,--,3,*1.00,*1.00,*1.00,*1.00,--,50%,審查資料,--,50%,,,,,,,,,,,,,一、學測國英數A自級分總和二、審查資料三、學測自然級分,項目：修課紀錄(A)、課程學習成果(B、C、D)、多元表現(F、G、J、L、N) ,一、學測國文、英文、數學A、自然之級分總和
國立成功大學,電機工程學系(普渡雙聯組),英文,前標,5,數學A,前標,5,自然,前標,5,英聽,A級,--,,,,*2.00,*1.50,*1.50,--,,50%,審查資料,--,50%,面試,--,25%,,,,,,,,,,一、學科能力測驗成績二、學測英文級分三、學測數學A級分四、審查資料,項目：修課紀錄(A)、課程學習成果(B、D)、多元表現(F、J、L、M、N)、學習歷程自述(O、P、Q) ,一、學測英文、數學A、自然之級分總和　二、學測英文級分　三、學測數學A級分
國立陽明交通大學,電機工程學系(甲組),英文,頂標,6.0,數學A,頂標,6.0,自然,頂標,6.0,,,,,,,*1.50,*2.00,*2.00,,,45%,審查資料,--,45%,團體面談(含筆試),--,10%,,,,,,,,,,一、審查資料二、學測數學A級分三、學測自然級分四、學測英文級分,項目：修課紀錄(A)、課程學習成果(B、C、D)、多元表現(F、G、J、M、N)、學習歷程自述(O、P、Q) ,一、學測英文、數學A、自然之級分總和　二、學測數學A級分　三、學測自然級分　四、學測英文級分
元智大學,電機工程學系(甲組),英文,--,--,數學A,均標,--,自然,--,--,英數A自,--,3,,,,*1.00,*1.00,*1.00,--,,50%,審查資料,--,50%,,,,,,,,,,,,,一、學測英數A自級分總和二、審查資料三、學測數學A級分四、學測自然級分,項目：修課紀錄(A)、課程學習成果(B、C、D)、多元表現(F、G、L、M、N) ,一、學測英文、數學A、自然之級分總和　二、學測數學A級分　三、學測自然級分
大同大學,電機工程學系(青年儲蓄帳戶組),英文,後標,--,,,,,,,,,,,,,--,,,,,0%,審查資料,--,0%,面試,--,30%,,,,,,,,,,一、審查資料二、面試,項目：修課紀錄(A)、課程學習成果(D)、多元表現(F、G、M、N)、學習歷程自述(O、P、Q)、其他(R.體驗學習報告及雙週誌) ,(無)
國立臺灣海洋大學,電機工程學系(青年儲蓄帳戶組),英文,均標,--,自然,均標,--,,,,,,,,,,--,--,,,,0%,審查資料,--,0%,面試,--,35%,,,,,,,,,,一、面試二、審查資料,項目：修課紀錄(A)、學習歷程自述(O、P、Q)、其他(R.體驗資歷(體驗學習報告及雙週誌)) ,(無)
國立高雄大學,電機工程學系(青年儲蓄帳戶組),英文,均標,--,自然,均標,--,,,,,,,,,,--,--,,,,0%,審查資料,--,0%,面試,--,35%,,,,,,,,,,一、審查資料二、面試,項目：修課紀錄(A)、課程學習成果(B、C、D)、多元表現(F、G、K、M、N)、學習歷程自述(O、P、Q)、其他(R.體驗資歷（體驗學習報告及雙週誌)) ,(無)
國立高雄大學,電機工程學系(願景組),英文,均標,3.0,數學A,均標,3.0,自然,均標,3.0,,,,,,,*1.00,*1.50,*1.50,,,50%,審查資料,--,50%,面試,--,30%,,,,,,,,,,一、學測數學A級分二、學測自然級分三、學測英文級分,項目：修課紀錄(A)、課程學習成果(B、C、D)、多元表現(F、G、K、M、N)、學習歷程自述(O、P、Q) ,一、學測英文、數學A、自然之級分總和　二、學測數學A級分　三、學測自然級分　四、學測英文級分
國立臺北大學,電機工程學系(飛鳶組),英文,均標,7.0,數學A,均標,3.0,自然,均標,5.0,,,,,,,*1.20,*1.50,*1.00,,,30%,審查資料,--,30%,,,,,,,,,,,,,一、指定項目甄試成績二、學測英數A自級分總和三、學測數學A級分四、學測英文級分,項目：修課紀錄(A)、課程學習成果(B、D)、多元表現(F、J、K、M、N)、學習歷程自述(P、Q)、其他(R.其他有助審查資料) ,一、學測英文、數學A、自然之級分總和　二、學測數學A級分　三、學測自然級分　四、學測英文級分
國立清華大學,電機工程學系乙組,英文,均標,3.0,數學A,頂標,3.0,自然,頂標,10.0,,,,,,,*1.00,*1.50,*1.00,,,30%,審查資料,--,30%,筆試,--,20%,,,,,,,,,,一、審查資料二、筆試三、學測英數A自級分總和四、學測數學A級分,項目：修課紀錄(A)、課程學習成果(B、C、D)、多元表現(F、G、J、M、N)、學習歷程自述(O、P、Q)、其他(R.其他學習動機展示說明) ,一、學測英文、數學A、自然之級分總和
逢甲大學,電機工程學系乙組,國文,--,--,英文,後標,--,數學B,均標,--,自然,--,--,國英數B自,--,3,*1.00,*1.00,*1.00,*1.00,--,40%,審查資料,--,40%,面試,--,30%,,,,,,,,,,一、學測數學B級分二、學測自然級分三、學測國文級分四、學測英文級分,項目：修課紀錄(A)、課程學習成果(B、C、D)、多元表現(F、J、L、M、N)、學習歷程自述(O、P、Q)、其他(R.數理/程式等學習活動) ,一、學測國文、英文、數學B、自然之級分總和　二、學測數學B級分　三、學測自然級分　四、學測國文級分
國立中山大學,電機工程學系全英語組,英文,前標,--,數學A,均標,--,自然,均標,--,英數A自,--,3,,,,*2.00,*2.00,*1.00,--,,50%,審查資料,--,50%,面試,--,25%,,,,,,,,,,一、學測英數A自級分總和二、學測英文級分三、學測數學A級分四、面試,項目：修課紀錄(A)、課程學習成果(B、C、D)、多元表現(F、J、K、L、N)、學習歷程自述(O、P、Q)、其他(R.自傳(含讀書計畫)) ,一、學測英文、數學A、自然之級分總和　二、學測英文級分　三、學測數學A級分　四、學測自然級分
國立清華大學,電機工程學系甲組,英文,頂標,12.0,數學A,頂標,10.0,自然,頂標,12.0,,,,,,,*1.00,*1.50,*1.00,,,30%,審查資料,--,30%,筆試,--,20%,,,,,,,,,,一、審查資料二、筆試三、學測英數A自級分總和四、學測數學A級分,項目：修課紀錄(A)、課程學習成果(B、C、D)、多元表現(F、G、J、M、N)、學習歷程自述(O、P、Q)、其他(R.其他學習動機展示說明) ,一、學測英文、數學A、自然之級分總和
逢甲大學,電機工程學系甲組,國文,--,--,英文,後標,--,數學A,後標,--,自然,--,--,國英數A自,--,3,*1.00,*1.00,*1.00,*1.00,--,40%,審查資料,--,40%,面試,--,30%,,,,,,,,,,一、學測數學A級分二、學測自然級分三、學測國文級分四、學測英文級分,項目：修課紀錄(A)、課程學習成果(B、C、D)、多元表現(F、J、L、M、N)、學習歷程自述(O、P、Q)、其他(R.數理/程式等學習活動) ,一、學測國文、英文、數學A、自然之級分總和　二、學測數學A級分　三、學測自然級分　四、學測國文級分
淡江大學,電機工程學系電機與系統組,英文,--,4,數學A,均標,--,數學B,均標,--,自然,--,4,國英自,--,3,*1.00,--,--,*1.00,--,50%,審查資料,--,50%,團體面試,--,25%,,,,,,,,,,一、學科能力測驗成績二、審查資料三、團體面試,項目：修課紀錄(A)、課程學習成果(B、C、D)、多元表現(G、H、J、M、N)、學習歷程自述(P、Q)、其他(R.其他有利審查資料) ,一、學測國文、英文、自然之級分總和
淡江大學,電機工程學系電機資訊組,英文,--,4,數學A,均標,--,數學B,均標,--,自然,--,4,國英自,--,3,*1.00,--,--,*1.00,--,50%,審查資料,--,50%,團體面試,--,25%,,,,,,,,,,一、學科能力測驗成績二、審查資料三、團體面試,項目：修課紀錄(A)、課程學習成果(B、C、D)、多元表現(G、H、J、M、N)、學習歷程自述(P、Q)、其他(R.其他有利審查資料) ,一、學測國文、英文、自然之級分總和
淡江大學,電機工程學系電機資訊組(APCS組),英文,--,20,數學A,後標,--,數學B,後標,--,,,,,,,*1.00,--,--,,,40%,審查資料,--,40%,團體面試,--,30%,,,,,,,,,,程式設計觀念題程式設計實作題,項目：修課紀錄(A)、課程學習成果(B、C、D)、多元表現(G、H、J、M、N)、學習歷程自述(P、Q)、其他(R.其他有利審查資料) ,一、學測英文之級分總和
淡江大學,電機工程學系電機通訊組,英文,--,4,數學A,均標,--,數學B,均標,--,自然,--,4,國英自,--,3,*1.00,--,--,*1.00,--,50%,審查資料,--,50%,團體面試,--,25%,,,,,,,,,,一、學科能力測驗成績二、審查資料三、團體面試,項目：修課紀錄(A)、課程學習成果(B、C、D)、多元表現(G、H、J、M、N)、學習歷程自述(P、Q)、其他(R.其他有利審查資料) ,一、學測國文、英文、自然之級分總和
國立中興大學,電機資訊學院學士班,英文,均標,8.0,數學A,均標,3.0,自然,均標,3.0,,,,,,,*1.00,*1.50,*1.50,,,50%,審查資料,--,50%,,,,,,,,,,,,,一、學測數學A級分二、學測自然級分三、學測英文級分四、審查資料,項目：修課紀錄(A)、課程學習成果(B、C、D)、多元表現(F、N)、學習歷程自述(O、P、Q) ,一、學測英文、數學A、自然之級分總和
中原大學,電機資訊學院學士班,國文,--,--,英文,後標,--,數學A,均標,3,自然,--,--,,,,*1.00,*1.50,*1.00,*1.00,,45%,審查資料,--,45%,面試,--,15%,,,,,,,,,,一、學測國英數A自級分總和二、學測數學A級分三、學測英文級分四、審查資料,項目：修課紀錄(A)、課程學習成果(B、C、D)、多元表現(F、G、J、M、N)、學習歷程自述(O、P、Q) ,一、學測國文、英文、數學A、自然之級分總和
國立清華大學,電機資訊學院學士班,英文,前標,10.0,數學A,前標,10.0,自然,前標,3.0,,,,,,,*1.00,*1.00,*1.00,,,50%,審查資料,--,50%,筆試,--,10%,,,,,,,,,,一、審查資料二、學測英數A自級分總和三、筆試四、學測數學A級分,項目：修課紀錄(A)、課程學習成果(B、C、D)、多元表現(F、G、J、L、N)、學習歷程自述(O、P、Q) ,一、學測英文、數學A、自然之級分總和　二、學測自然級分
中原大學,電機資訊學院智慧運算與大數據學士班,國文,--,--,英文,後標,--,數學A,--,--,自然,--,--,國英數A自,--,3,*1.00,*1.00,*1.00,*1.00,--,50%,審查資料,--,50%,面試,60分,10%,,,,,,,,,,一、學測國英數A自級分總和二、學測數學A級分三、學測英文級分四、學測自然級分,項目：修課紀錄(A)、課程學習成果(B、C、D)、多元表現(F、G、J、L、N)、學習歷程自述(P、Q) ,一、學測國文、英文、數學A、自然之級分總和　二、學測數學A級分　三、學測英文級分　四、學測自然級分
元智大學,電機通訊學院英語學士班,英文,--,--,數學A,後標,--,自然,--,--,英數A自,--,3,,,,*1.25,*1.00,*1.00,--,,50%,審查資料,--,50%,,,,,,,,,,,,,一、審查資料二、學測英文級分三、學測數學A級分四、學測自然級分,項目：修課紀錄(A)、課程學習成果(B、C、D)、多元表現(F、G、M、N) ,一、學測英文、數學A、自然之級分總和　二、學測英文級分　三、學測數學A級分
實踐大學,電腦動畫學士2D3D雙修組(高雄校區),國文,底標,6.0,,,,,,,,,,,,,--,,,,,0%,審查資料,--,0%,面試,--,50%,,,,,,,,,,一、面試,項目：修課紀錄(A)、課程學習成果(B、C)、多元表現(F、G、J、K、N)、學習歷程自述(P、Q) ,一、學測國文級分
實踐大學,電腦動畫學士學位2D組(高雄校區),國文,--,15.0,,,,,,,,,,,,,--,,,,,0%,審查資料,--,0%,面試,--,50%,,,,,,,,,,--,項目：修課紀錄(A)、課程學習成果(B、C)、多元表現(F、G、J、K、N)、學習歷程自述(P、Q) ,一、學測國文級分
實踐大學,電腦動畫學士學位學程3D組(高雄校區),英文,底標,5.0,,,,,,,,,,,,,--,,,,,0%,審查資料,--,0%,面試,--,50%,,,,,,,,,,一、面試,項目：修課紀錄(A)、課程學習成果(B、C)、多元表現(F、H、K、M、N)、學習歷程自述(P、Q) ,一、學測英文級分
國立屏東大學,電腦科學與人工智慧學系,國文,--,--,英文,--,--,數學A,後標,3,,,,,,,*2.00,*2.00,*2.00,,,50%,審查資料,60分,50%,面試,60分,30%,,,,,,,,,,一、審查資料二、面試三、學測數學A級分四、學測英文級分,項目：修課紀錄(A)、課程學習成果(C)、多元表現(F、J、L、M、N)、學習歷程自述(P) ,一、學測國文、英文、數學A之級分總和
國立屏東大學,電腦與通訊學系,國文,後標,10.0,英文,後標,15.0,數學A,後標,15.0,國英數A,--,25.0,,,,*1.00,*2.00,*2.00,--,,50%,審查資料,--,50%,,,,,,,,,,,,,一、學科能力測驗成績二、指定項目甄試成績三、學測數學A級分四、學測英文級分,項目：修課紀錄(A)、課程學習成果(B、D)、多元表現(F、J、L、M、N)、學習歷程自述(P) ,一、學測國文、英文、數學A之級分總和　二、學測數學A級分　三、學測英文級分　四、學測國文級分
銘傳大學,電腦與通訊工程學系（APCS組．桃園校區）,國文,底標,--,數學B,底標,--,國數B,--,3,,,,,,,*2.00,*2.00,--,,,30%,審查資料,--,30%,面試,70分,40%,,,,,,,,,,程式設計觀念題程式設計實作題,項目：修課紀錄(A)、課程學習成果(B、C)、多元表現(F、J、L、N)、學習歷程自述(O、P、Q)、其他(R.各類活動學習經驗、S.其他有利審查的資料) ,一、學測國文、數學B之級分總和
銘傳大學,電腦與通訊工程學系（桃園校區）,國文,底標,--,英文,底標,--,數學B,底標,--,國英數B,--,3,,,,*2.00,*1.00,*2.00,--,,30%,審查資料,--,30%,面試,70分,40%,,,,,,,,,,一、面試二、學測國英數B級分總和三、審查資料四、學測數學B級分,項目：修課紀錄(A)、課程學習成果(B、C)、多元表現(F、L、N)、學習歷程自述(O、P、Q)、其他(R.各類活動學習經驗、S.其他有利審查的資料) ,一、學測國文、英文、數學B之級分總和
